"claim_id","exact_claim","page_url","locale","claim_type","evidence_type","source_url","source_title","publisher_or_owner","published_date","accessed_date","method_or_sample","geographic_scope","limitations","reuse_permission","reviewer","review_due","status","source_location"
"claim-3a11b5a828","The value is not only in code delivery. The value is in building a reliable operating capability your business can grow on.","route_mapping_required","en","comparative or superlative","unsupported — remove or rewrite unless exact evidence is approved","","","","","2026-09-13","","","Automated candidate; wording population geography date and source support require human verification.","unknown","Editorial and subject-matter reviewer","2026-09-20","pending_exact_source_review","messages/en.json:153"
"claim-0d7b9c37fa","Ready to improve core operations?","route_mapping_required","en","material factual claim","unsupported — remove or rewrite unless exact evidence is approved","","","","","2026-09-13","","","Automated candidate; wording population geography date and source support require human verification.","unknown","Editorial and subject-matter reviewer","2026-09-20","pending_exact_source_review","messages/en.json:274"
"claim-a37f65a21f","Run, monitor, and improve the system.","route_mapping_required","en","material factual claim","unsupported — remove or rewrite unless exact evidence is approved","","","","","2026-09-13","","","Automated candidate; wording population geography date and source support require human verification.","unknown","Editorial and subject-matter reviewer","2026-09-20","pending_exact_source_review","messages/en.json:297"
"claim-6480d447d7","Prepare for a useful first call","route_mapping_required","en","comparative or superlative","unsupported — remove or rewrite unless exact evidence is approved","","","","","2026-09-13","","","Automated candidate; wording population geography date and source support require human verification.","unknown","Editorial and subject-matter reviewer","2026-09-20","pending_exact_source_review","messages/en.json:302"
"claim-ff0acaf873","What needs to improve?","route_mapping_required","en","material factual claim","unsupported — remove or rewrite unless exact evidence is approved","","","","","2026-09-13","","","Automated candidate; wording population geography date and source support require human verification.","unknown","Editorial and subject-matter reviewer","2026-09-20","pending_exact_source_review","messages/en.json:313"
"claim-ef7fab450d","Cloud infrastructure secure systems and observability","route_mapping_required","en","security privacy or compliance","unsupported — remove or rewrite unless exact evidence is approved","","","","","2026-09-13","","","Automated candidate; wording population geography date and source support require human verification.","unknown","Editorial and subject-matter reviewer","2026-09-20","pending_exact_source_review","messages/en.json:347"
"claim-9232023189","Each record connects the business problem, delivered system, and current production status. Performance figures appear only after publication approval.","route_mapping_required","en","comparative or superlative","unsupported — remove or rewrite unless exact evidence is approved","","","","","2026-09-13","","","Automated candidate; wording population geography date and source support require human verification.","unknown","Editorial and subject-matter reviewer","2026-09-20","pending_exact_source_review","messages/en.json:403"
"claim-be404e2695","Run, measure, and improve in production.","route_mapping_required","en","material factual claim","unsupported — remove or rewrite unless exact evidence is approved","","","","","2026-09-13","","","Automated candidate; wording population geography date and source support require human verification.","unknown","Editorial and subject-matter reviewer","2026-09-20","pending_exact_source_review","messages/en.json:428"
"claim-28b683f44e","Scope advances only when constraints and evidence are clear.","route_mapping_required","en","comparative or superlative","unsupported — remove or rewrite unless exact evidence is approved","","","","","2026-09-13","","","Automated candidate; wording population geography date and source support require human verification.","unknown","Editorial and subject-matter reviewer","2026-09-20","pending_exact_source_review","messages/en.json:433"
"claim-36938dee5a","The work only matters when strategy becomes a system that teams can run, measure, and improve every day.","route_mapping_required","en","comparative or superlative","unsupported — remove or rewrite unless exact evidence is approved","","","","","2026-09-13","","","Automated candidate; wording population geography date and source support require human verification.","unknown","Editorial and subject-matter reviewer","2026-09-20","pending_exact_source_review","messages/en.json:467"
"claim-481981843d","Build secure, production-grade software, platforms, APIs, and web and mobile applications.","route_mapping_required","en","security privacy or compliance","unsupported — remove or rewrite unless exact evidence is approved","","","","","2026-09-13","","","Automated candidate; wording population geography date and source support require human verification.","unknown","Editorial and subject-matter reviewer","2026-09-20","pending_exact_source_review","messages/en.json:490"
"claim-f98f70896c","Cloud infrastructure secure systems and observability","route_mapping_required","en","security privacy or compliance","unsupported — remove or rewrite unless exact evidence is approved","","","","","2026-09-13","","","Automated candidate; wording population geography date and source support require human verification.","unknown","Editorial and subject-matter reviewer","2026-09-20","pending_exact_source_review","messages/en.json:491"
"claim-6d6b9d1b67","Operate, monitor, maintain, and continuously improve critical production systems after launch.","route_mapping_required","en","material factual claim","unsupported — remove or rewrite unless exact evidence is approved","","","","","2026-09-13","","","Automated candidate; wording population geography date and source support require human verification.","unknown","Editorial and subject-matter reviewer","2026-09-20","pending_exact_source_review","messages/en.json:492"
"claim-b86bd702f0","Run, stabilize, monitor, and improve the production operation with long-term accountability.","route_mapping_required","en","material factual claim","unsupported — remove or rewrite unless exact evidence is approved","","","","","2026-09-13","","","Automated candidate; wording population geography date and source support require human verification.","unknown","Editorial and subject-matter reviewer","2026-09-20","pending_exact_source_review","messages/en.json:497"
"claim-f4e35693e9","Improve continuously","route_mapping_required","en","material factual claim","unsupported — remove or rewrite unless exact evidence is approved","","","","","2026-09-13","","","Automated candidate; wording population geography date and source support require human verification.","unknown","Editorial and subject-matter reviewer","2026-09-20","pending_exact_source_review","messages/en.json:497"
"claim-e09d2a0d11","Run, stabilize, monitor, and improve the production operation with clear accountability.","route_mapping_required","en","material factual claim","unsupported — remove or rewrite unless exact evidence is approved","","","","","2026-09-13","","","Automated candidate; wording population geography date and source support require human verification.","unknown","Editorial and subject-matter reviewer","2026-09-20","pending_exact_source_review","messages/en.json:675"
"claim-7e62c3d68b","Three focused systems turn a decision into work that can run, improve, and stay owned.","route_mapping_required","en","material factual claim","unsupported — remove or rewrite unless exact evidence is approved","","","","","2026-09-13","","","Automated candidate; wording population geography date and source support require human verification.","unknown","Editorial and subject-matter reviewer","2026-09-20","pending_exact_source_review","messages/en.json:720"
"claim-873c8d020b","Choose the operating problem first. The delivery team stays connected after launch.","route_mapping_required","en","comparative or superlative","unsupported — remove or rewrite unless exact evidence is approved","","","","","2026-09-13","","","Automated candidate; wording population geography date and source support require human verification.","unknown","Editorial and subject-matter reviewer","2026-09-20","pending_exact_source_review","messages/en.json:724"
"claim-dd076d711c","Audit and compliance logs","route_mapping_required","en","security privacy or compliance","unsupported — remove or rewrite unless exact evidence is approved","","","","","2026-09-13","","","Automated candidate; wording population geography date and source support require human verification.","unknown","Editorial and subject-matter reviewer","2026-09-20","pending_exact_source_review","messages/en.json:751"
"claim-72ac3d115b","Each card keeps the promise short. Open full coverage only when you need the deeper list.","route_mapping_required","en","comparative or superlative","unsupported — remove or rewrite unless exact evidence is approved","","","","","2026-09-13","","","Automated candidate; wording population geography date and source support require human verification.","unknown","Editorial and subject-matter reviewer","2026-09-20","pending_exact_source_review","messages/en.json:800"
"claim-274ab6d031","Transformation succeeds when the business model, operating model, and technology architecture move together from the first decision.","route_mapping_required","en","comparative or superlative","unsupported — remove or rewrite unless exact evidence is approved","","","","","2026-09-13","","","Automated candidate; wording population geography date and source support require human verification.","unknown","Editorial and subject-matter reviewer","2026-09-20","pending_exact_source_review","messages/en.json:813"
"claim-f888379178","Reduced delivery risk","route_mapping_required","en","material factual claim","unsupported — remove or rewrite unless exact evidence is approved","","","","","2026-09-13","","","Automated candidate; wording population geography date and source support require human verification.","unknown","Editorial and subject-matter reviewer","2026-09-20","pending_exact_source_review","messages/en.json:816"
"claim-7fb041dac7","Reduced integration debt","route_mapping_required","en","material factual claim","unsupported — remove or rewrite unless exact evidence is approved","","","","","2026-09-13","","","Automated candidate; wording population geography date and source support require human verification.","unknown","Editorial and subject-matter reviewer","2026-09-20","pending_exact_source_review","messages/en.json:826"
"claim-c85d06f029","Lower operational risk","route_mapping_required","en","comparative or superlative","unsupported — remove or rewrite unless exact evidence is approved","","","","","2026-09-13","","","Automated candidate; wording population geography date and source support require human verification.","unknown","Editorial and subject-matter reviewer","2026-09-20","pending_exact_source_review","messages/en.json:856"
"claim-d5250db0c3","Stronger compliance posture","route_mapping_required","en","security privacy or compliance","unsupported — remove or rewrite unless exact evidence is approved","","","","","2026-09-13","","","Automated candidate; wording population geography date and source support require human verification.","unknown","Editorial and subject-matter reviewer","2026-09-20","pending_exact_source_review","messages/en.json:856"
"claim-1be62810dd","We use one necessary cookie to remember your privacy choice. With your permission, Microsoft Clarity and Google Analytics use analytics cookies to help us improve this website. Google Analytics is not loaded before you accept cookies. Rejecting optional cookies will not affect access.","route_mapping_required","en","security privacy or compliance","unsupported — remove or rewrite unless exact evidence is approved","","","","","2026-09-13","","","Automated candidate; wording population geography date and source support require human verification.","unknown","Editorial and subject-matter reviewer","2026-09-20","pending_exact_source_review","messages/en.json:895"
"claim-c37b07669b","Choose whether this website may use optional analytics. Your choice applies for 180 days and can be changed at any time.","route_mapping_required","en","numerical or quantified","unsupported — remove or rewrite unless exact evidence is approved","","","","","2026-09-13","","","Automated candidate; wording population geography date and source support require human verification.","unknown","Editorial and subject-matter reviewer","2026-09-20","pending_exact_source_review","messages/en.json:898"
"claim-e33a96b6be","A first-party preference cookie records whether you accepted or rejected optional analytics. It is needed to honour your choice and does not track you across websites.","route_mapping_required","en","comparative or superlative","unsupported — remove or rewrite unless exact evidence is approved","","","","","2026-09-13","","","Automated candidate; wording population geography date and source support require human verification.","unknown","Editorial and subject-matter reviewer","2026-09-20","pending_exact_source_review","messages/en.json:903"
"claim-835a70d1a8","Compliance & Data Protection","route_mapping_required","en","security privacy or compliance","unsupported — remove or rewrite unless exact evidence is approved","","","","","2026-09-13","","","Automated candidate; wording population geography date and source support require human verification.","unknown","Editorial and subject-matter reviewer","2026-09-20","pending_exact_source_review","messages/en.json:912"
"claim-d386478486","Hive Vault Arc is committed to protecting your personal data in compliance with Moroccan Law 09-08 on the protection of individuals with regard to the processing of personal data (CNDP), as well as the General Data Protection Regulation (GDPR) applicable to residents of the European Union under its extraterritorial scope.","route_mapping_required","en","security privacy or compliance","unsupported — remove or rewrite unless exact evidence is approved","","","","","2026-09-13","","","Automated candidate; wording population geography date and source support require human verification.","unknown","Editorial and subject-matter reviewer","2026-09-20","pending_exact_source_review","messages/en.json:914"
"claim-f34c3fa2b1","We collect only the data strictly necessary for the purposes described below:","route_mapping_required","en","comparative or superlative","unsupported — remove or rewrite unless exact evidence is approved","","","","","2026-09-13","","","Automated candidate; wording population geography date and source support require human verification.","unknown","Editorial and subject-matter reviewer","2026-09-20","pending_exact_source_review","messages/en.json:924"
"claim-6f4134bf0e","Each processing activity rests on a legal basis compliant with Article 6 of the GDPR and Article 4 of Law 09-08:","route_mapping_required","en","security privacy or compliance","unsupported — remove or rewrite unless exact evidence is approved","","","","","2026-09-13","","","Automated candidate; wording population geography date and source support require human verification.","unknown","Editorial and subject-matter reviewer","2026-09-20","pending_exact_source_review","messages/en.json:943"
"claim-c88d69360e","security logs and aggregated, cookieless analytics used to protect and improve the site.","route_mapping_required","en","material factual claim","unsupported — remove or rewrite unless exact evidence is approved","","","","","2026-09-13","","","Automated candidate; wording population geography date and source support require human verification.","unknown","Editorial and subject-matter reviewer","2026-09-20","pending_exact_source_review","messages/en.json:947"
"claim-10c1e1b84c","Vercel Web Analytics measures page views with anonymised, aggregated data and does not place a cookie or retain a persistent identifier that follows a visitor across websites or days. Microsoft Clarity and Google Analytics are disabled by default and may only run after you accept optional analytics. Google Analytics uses first-party analytics cookies to measure page views, navigation, and enabled enhanced-measurement events. Advertising storage, user data, and ad personalisation remain disabled.","route_mapping_required","en","comparative or superlative","unsupported — remove or rewrite unless exact evidence is approved","","","","","2026-09-13","","","Automated candidate; wording population geography date and source support require human verification.","unknown","Editorial and subject-matter reviewer","2026-09-20","pending_exact_source_review","messages/en.json:952"
"claim-24167a0cd3","2 years from last contact","route_mapping_required","en","numerical or quantified","unsupported — remove or rewrite unless exact evidence is approved","","","","","2026-09-13","","","Automated candidate; wording population geography date and source support require human verification.","unknown","Editorial and subject-matter reviewer","2026-09-20","pending_exact_source_review","messages/en.json:960"
"claim-84813c6601","5 years after the end of the commercial relationship","route_mapping_required","en","numerical or quantified","unsupported — remove or rewrite unless exact evidence is approved","","","","","2026-09-13","","","Automated candidate; wording population geography date and source support require human verification.","unknown","Editorial and subject-matter reviewer","2026-09-20","pending_exact_source_review","messages/en.json:962"
"claim-2d40d5f65c","optional interaction analytics and masked session replay, only after your analytics consent. See the Cookie Policy for collection, storage and retention details.","route_mapping_required","en","comparative or superlative","unsupported — remove or rewrite unless exact evidence is approved","","","","","2026-09-13","","","Automated candidate; wording population geography date and source support require human verification.","unknown","Editorial and subject-matter reviewer","2026-09-20","pending_exact_source_review","messages/en.json:972"
"claim-33bf3b23d2","optional website analytics measurement, only after your analytics consent.","route_mapping_required","en","comparative or superlative","unsupported — remove or rewrite unless exact evidence is approved","","","","","2026-09-13","","","Automated candidate; wording population geography date and source support require human verification.","unknown","Editorial and subject-matter reviewer","2026-09-20","pending_exact_source_review","messages/en.json:973"
"claim-e2e5ccfd6e",". We are committed to responding within 30 days.","route_mapping_required","en","numerical or quantified","unsupported — remove or rewrite unless exact evidence is approved","","","","","2026-09-13","","","Automated candidate; wording population geography date and source support require human verification.","unknown","Editorial and subject-matter reviewer","2026-09-20","pending_exact_source_review","messages/en.json:993"
"claim-b3f8dd46cb","hivevaultarc.com does not carry out fully automated decision-making or profiling within the meaning of Article 22 of the GDPR. No algorithm makes decisions with legal or similarly significant effects on you based on your data.","route_mapping_required","en","material factual claim","unsupported — remove or rewrite unless exact evidence is approved","","","","","2026-09-13","","","Automated candidate; wording population geography date and source support require human verification.","unknown","Editorial and subject-matter reviewer","2026-09-20","pending_exact_source_review","messages/en.json:1015"
"claim-7054bb50b9","Response time: 30 days maximum","route_mapping_required","en","numerical or quantified","unsupported — remove or rewrite unless exact evidence is approved","","","","","2026-09-13","","","Automated candidate; wording population geography date and source support require human verification.","unknown","Editorial and subject-matter reviewer","2026-09-20","pending_exact_source_review","messages/en.json:1025"
"claim-0d795c132b","Hive Vault Arc endeavours to keep the information published on this site accurate and up to date. However, Hive Vault Arc cannot guarantee its accuracy, completeness, or currency.","route_mapping_required","en","security privacy or compliance","unsupported — remove or rewrite unless exact evidence is approved","","","","","2026-09-13","","","Automated candidate; wording population geography date and source support require human verification.","unknown","Editorial and subject-matter reviewer","2026-09-20","pending_exact_source_review","messages/en.json:1063"
"claim-ed0ae15553","Vercel Web Analytics records anonymised, aggregated page-view data without cookies or a persistent cross-site identifier. Microsoft Clarity and Google Analytics are disabled by default and may only run after a visitor accepts optional analytics. Google Analytics uses analytics cookies only after consent. For more information, see our","route_mapping_required","en","comparative or superlative","unsupported — remove or rewrite unless exact evidence is approved","","","","","2026-09-13","","","Automated candidate; wording population geography date and source support require human verification.","unknown","Editorial and subject-matter reviewer","2026-09-20","pending_exact_source_review","messages/en.json:1086"
"claim-d9581c0408","French articles and case studies appear here only after editorial approval. The publication categories remain available to explore.","route_mapping_required","en","comparative or superlative","unsupported — remove or rewrite unless exact evidence is approved","","","","","2026-09-13","","","Automated candidate; wording population geography date and source support require human verification.","unknown","Editorial and subject-matter reviewer","2026-09-20","pending_exact_source_review","messages/en.json:1156"
"claim-31ff609510","We publish deliberately—only when the content meets our editorial standard. Check back soon or explore another section.","route_mapping_required","en","comparative or superlative","unsupported — remove or rewrite unless exact evidence is approved","","","","","2026-09-13","","","Automated candidate; wording population geography date and source support require human verification.","unknown","Editorial and subject-matter reviewer","2026-09-20","pending_exact_source_review","messages/en.json:1246"
"claim-cb2003f58e","Senior ownership from first decision to live operation","route_mapping_required","en","comparative or superlative","unsupported — remove or rewrite unless exact evidence is approved","","","","","2026-09-13","","","Automated candidate; wording population geography date and source support require human verification.","unknown","Editorial and subject-matter reviewer","2026-09-20","pending_exact_source_review","messages/en.json:1369"
"claim-a35a0f6776","Make the system reliable, secure, and observable.","route_mapping_required","en","security privacy or compliance","unsupported — remove or rewrite unless exact evidence is approved","","","","","2026-09-13","","","Automated candidate; wording population geography date and source support require human verification.","unknown","Editorial and subject-matter reviewer","2026-09-20","pending_exact_source_review","messages/en.json:1430"
"claim-1e7c5e73b5","The same accountable team connects strategy, engineering, and operations from the first decision through live delivery.","route_mapping_required","en","comparative or superlative","unsupported — remove or rewrite unless exact evidence is approved","","","","","2026-09-13","","","Automated candidate; wording population geography date and source support require human verification.","unknown","Editorial and subject-matter reviewer","2026-09-20","pending_exact_source_review","messages/en.json:1526"
"claim-5618df84b7","Controls introduced early to reduce delivery risk in sensitive operations.","route_mapping_required","en","material factual claim","unsupported — remove or rewrite unless exact evidence is approved","","","","","2026-09-13","","","Automated candidate; wording population geography date and source support require human verification.","unknown","Editorial and subject-matter reviewer","2026-09-20","pending_exact_source_review","messages/en.json:1642"
"claim-28ac700051","Multilingual AI agents for customer support, lead qualification, and WhatsApp-first operations in Tangier.","route_mapping_required","en","comparative or superlative","unsupported — remove or rewrite unless exact evidence is approved","","","","","2026-09-13","","","Automated candidate; wording population geography date and source support require human verification.","unknown","Editorial and subject-matter reviewer","2026-09-20","pending_exact_source_review","messages/en.json:1680"
"claim-a710c2e945","We diagnose the current workflow, define the conversation and integration architecture, deploy through controlled release gates, then monitor and improve the production system.","route_mapping_required","en","material factual claim","unsupported — remove or rewrite unless exact evidence is approved","","","","","2026-09-13","","","Automated candidate; wording population geography date and source support require human verification.","unknown","Editorial and subject-matter reviewer","2026-09-20","pending_exact_source_review","messages/en.json:1729"
"claim-c2c89c3fcb","Review real interactions and improve routing, prompts, knowledge, and governance.","route_mapping_required","en","material factual claim","unsupported — remove or rewrite unless exact evidence is approved","","","","","2026-09-13","","","Automated candidate; wording population geography date and source support require human verification.","unknown","Editorial and subject-matter reviewer","2026-09-20","pending_exact_source_review","messages/en.json:1735"
"claim-83458ea91e","Custom software captures the process correctly, improves adoption, and creates a dependable data foundation for decisions.","route_mapping_required","en","material factual claim","unsupported — remove or rewrite unless exact evidence is approved","","","","","2026-09-13","","","Automated candidate; wording population geography date and source support require human verification.","unknown","Editorial and subject-matter reviewer","2026-09-20","pending_exact_source_review","messages/en.json:1879"
"claim-55e2db0f0f","Secure APIs, integration logic, workflow orchestration, and durable business rules.","route_mapping_required","en","security privacy or compliance","unsupported — remove or rewrite unless exact evidence is approved","","","","","2026-09-13","","","Automated candidate; wording population geography date and source support require human verification.","unknown","Editorial and subject-matter reviewer","2026-09-20","pending_exact_source_review","messages/en.json:1888"
"claim-2d0e7b31f8","Improve performance and extend the roadmap according to operating evidence.","route_mapping_required","en","material factual claim","unsupported — remove or rewrite unless exact evidence is approved","","","","","2026-09-13","","","Automated candidate; wording population geography date and source support require human verification.","unknown","Editorial and subject-matter reviewer","2026-09-20","pending_exact_source_review","messages/en.json:1914"
"claim-b5a64f3dd1","The decision depends on how central the workflow is, how much differentiation it creates, and how costly the current workarounds have become. A hybrid model is often right: retain tools that work and build only where control or integration matters.","route_mapping_required","en","comparative or superlative","unsupported — remove or rewrite unless exact evidence is approved","","","","","2026-09-13","","","Automated candidate; wording population geography date and source support require human verification.","unknown","Editorial and subject-matter reviewer","2026-09-20","pending_exact_source_review","messages/en.json:1920"
"claim-6c8543c3ea","Hive Vault Arc is a Tangier-based transformation partner for organizations that need more than a website vendor. We connect consulting, AI, custom software, cloud infrastructure, delivery, and ongoing operations in one accountable engagement.","route_mapping_required","en","material factual claim","unsupported — remove or rewrite unless exact evidence is approved","","","","","2026-09-13","","","Automated candidate; wording population geography date and source support require human verification.","unknown","Editorial and subject-matter reviewer","2026-09-20","pending_exact_source_review","messages/en.json:1939"
"claim-470f856d41","Language, decision-making, compliance sensitivity, and day-to-day operations are understood directly.","route_mapping_required","en","security privacy or compliance","unsupported — remove or rewrite unless exact evidence is approved","","","","","2026-09-13","","","Automated candidate; wording population geography date and source support require human verification.","unknown","Editorial and subject-matter reviewer","2026-09-20","pending_exact_source_review","messages/en.json:1963"
"claim-99d65f95b8","Assess maps business goals, existing tools, process friction, data quality, and ownership. Re-engineer redesigns the priority workflow and builds the system. Command deploys, stabilizes, measures, and improves the operation.","route_mapping_required","en","material factual claim","unsupported — remove or rewrite unless exact evidence is approved","","","","","2026-09-13","","","Automated candidate; wording population geography date and source support require human verification.","unknown","Editorial and subject-matter reviewer","2026-09-20","pending_exact_source_review","messages/en.json:1971"
"claim-3236ac7fd4","Our case studies document the business context, delivery approach, and approved evidence available for publication. French pages link only to content that has an approved French translation.","route_mapping_required","en","comparative or superlative","unsupported — remove or rewrite unless exact evidence is approved","","","","","2026-09-13","","","Automated candidate; wording population geography date and source support require human verification.","unknown","Editorial and subject-matter reviewer","2026-09-20","pending_exact_source_review","messages/en.json:1982"
"claim-d64def7735","Yes. We publish approved case studies with the business context, architecture decisions, integrations, deployment status, and only those outcomes that have been verified and cleared for publication.","route_mapping_required","en","comparative or superlative","unsupported — remove or rewrite unless exact evidence is approved","","","","","2026-09-13","","","Automated candidate; wording population geography date and source support require human verification.","unknown","Editorial and subject-matter reviewer","2026-09-20","pending_exact_source_review","messages/en.json:2031"
"claim-14c8a2e8ad","We review your brief and respond with the most appropriate next step. The first conversation focuses on your priorities, constraints, and the right engagement path.","route_mapping_required","en","comparative or superlative","unsupported — remove or rewrite unless exact evidence is approved","","","","","2026-09-13","","","Automated candidate; wording population geography date and source support require human verification.","unknown","Editorial and subject-matter reviewer","2026-09-20","pending_exact_source_review","messages/en.json:2118"
"claim-d65a077238","Is the first discovery call paid?","route_mapping_required","en","comparative or superlative","unsupported — remove or rewrite unless exact evidence is approved","","","","","2026-09-13","","","Automated candidate; wording population geography date and source support require human verification.","unknown","Editorial and subject-matter reviewer","2026-09-20","pending_exact_source_review","messages/en.json:2121"
"claim-b53a710f97","Published case studies describe live or delivered systems. Their status is stated within each case study.","route_mapping_required","en","material factual claim","unsupported — remove or rewrite unless exact evidence is approved","","","","","2026-09-13","","","Automated candidate; wording population geography date and source support require human verification.","unknown","Editorial and subject-matter reviewer","2026-09-20","pending_exact_source_review","messages/en.json:2143"
"claim-fe664db471","ARC is not the best fit when the need is only temporary staff capacity, a standalone advisory document, or a build with no expectation of operating accountability after launch.","route_mapping_required","en","comparative or superlative","unsupported — remove or rewrite unless exact evidence is approved","","","","","2026-09-13","","","Automated candidate; wording population geography date and source support require human verification.","unknown","Editorial and subject-matter reviewer","2026-09-20","pending_exact_source_review","messages/en.json:2180"
"claim-7c8b9a94c8","Do you only work with organizations in Tangier?","route_mapping_required","en","comparative or superlative","unsupported — remove or rewrite unless exact evidence is approved","","","","","2026-09-13","","","Automated candidate; wording population geography date and source support require human verification.","unknown","Editorial and subject-matter reviewer","2026-09-20","pending_exact_source_review","messages/en.json:2197"
"claim-e2240cff42","We begin with discovery of the current message flow, operational constraints, and the use case most suitable for a controlled first release.","route_mapping_required","en","comparative or superlative","unsupported — remove or rewrite unless exact evidence is approved","","","","","2026-09-13","","","Automated candidate; wording population geography date and source support require human verification.","unknown","Editorial and subject-matter reviewer","2026-09-20","pending_exact_source_review","messages/en.json:2201"
"claim-4aee511852","Do you only advise, or do you also implement?","route_mapping_required","en","comparative or superlative","unsupported — remove or rewrite unless exact evidence is approved","","","","","2026-09-13","","","Automated candidate; wording population geography date and source support require human verification.","unknown","Editorial and subject-matter reviewer","2026-09-20","pending_exact_source_review","messages/en.json:2208"
"claim-ffc986b426","Yes. We define phased modernization boundaries that reduce risk and preserve business continuity.","route_mapping_required","en","material factual claim","unsupported — remove or rewrite unless exact evidence is approved","","","","","2026-09-13","","","Automated candidate; wording population geography date and source support require human verification.","unknown","Editorial and subject-matter reviewer","2026-09-20","pending_exact_source_review","messages/en.json:2209"
"claim-b1c6e2bc9a","Local language and operating context improve stakeholder alignment, while our engineering standards protect reliability and long-term maintainability.","route_mapping_required","en","material factual claim","unsupported — remove or rewrite unless exact evidence is approved","","","","","2026-09-13","","","Automated candidate; wording population geography date and source support require human verification.","unknown","Editorial and subject-matter reviewer","2026-09-20","pending_exact_source_review","messages/en.json:2210"
"claim-d206beec7f","Do you only advise, or do you build as well?","route_mapping_required","en","comparative or superlative","unsupported — remove or rewrite unless exact evidence is approved","","","","","2026-09-13","","","Automated candidate; wording population geography date and source support require human verification.","unknown","Editorial and subject-matter reviewer","2026-09-20","pending_exact_source_review","messages/en.json:2228"
"claim-59db4703af","Review the expertise, delivery scope, and connected outcomes within each Hive Vault Arc capability pillar.","route_mapping_required","en","material factual claim","unsupported — remove or rewrite unless exact evidence is approved","","","","","2026-09-13","","","Automated candidate; wording population geography date and source support require human verification.","unknown","Editorial and subject-matter reviewer","2026-09-20","pending_exact_source_review","messages/en.json:2253"
"claim-77b95f9d4c","Agentes de IA multilingües para atención al cliente, calificación de clientes potenciales y operaciones WhatsApp-first en Tánger.","route_mapping_required","es","comparative or superlative","unsupported — remove or rewrite unless exact evidence is approved","","","","","2026-09-13","","","Automated candidate; wording population geography date and source support require human verification.","unknown","Editorial and subject-matter reviewer","2026-09-20","pending_exact_source_review","messages/es.json:2198"
"claim-bde81d20a1","Which industries in Morocco are adopting agentic AI first?","https://hivevaultarc.com/blog/agentic-ai-autonomous-revolution","en","comparative or superlative","unsupported — remove or rewrite unless exact evidence is approved","","","","","2026-09-13","","","Automated candidate; wording population geography date and source support require human verification.","unknown","Editorial and subject-matter reviewer","2026-09-20","pending_exact_source_review","src/lib/blog.ts:66"
"claim-d532dbbf9d","Start by identifying your highest-volume, lowest-variance workflows — these are the best candidates for AI agent deployment. Choose a narrow vertical first: one process, one agent, one measurable outcome. Hive Vault Arc builds custom AI agents for businesses in Morocco; contact us for an initial scoping call.","https://hivevaultarc.com/blog/agentic-ai-autonomous-revolution","en","comparative or superlative","unsupported — remove or rewrite unless exact evidence is approved","","","","","2026-09-13","","","Automated candidate; wording population geography date and source support require human verification.","unknown","Editorial and subject-matter reviewer","2026-09-20","pending_exact_source_review","src/lib/blog.ts:73"
"claim-1ea7cde233","This shift from AI as a tool you use to AI as an agent that works alongside you — or entirely on your behalf — is arguably the most significant technology transition since cloud computing. The numbers back it up. According to Gartner's Top Strategic Technology Trends for 2025, at least 15% of day-to-day business decisions will be made autonomously by AI agents by 2028, up from nearly zero today.","https://hivevaultarc.com/blog/agentic-ai-autonomous-revolution","en","numerical or quantified","unsupported — remove or rewrite unless exact evidence is approved","","","","","2026-09-13","","","Automated candidate; wording population geography date and source support require human verification.","unknown","Editorial and subject-matter reviewer","2026-09-20","pending_exact_source_review","src/lib/blog.ts:93"
"claim-b2ffb98fe5","Deloitte's State of Generative AI in the Enterprise Q4 2024 report found that 30% of large enterprises are actively exploring agentic AI architectures, while another 38% are already running pilots. Critically, organizations that moved to pilots in 2023 are now reporting concrete results: reduced operational overhead, faster processing of complex requests, and measurable cost savings.","https://hivevaultarc.com/blog/agentic-ai-autonomous-revolution","en","numerical or quantified","unsupported — remove or rewrite unless exact evidence is approved","","","","","2026-09-13","","","Automated candidate; wording population geography date and source support require human verification.","unknown","Editorial and subject-matter reviewer","2026-09-20","pending_exact_source_review","src/lib/blog.ts:136"
"claim-589cf80491","This is where the ROI is fastest and clearest. AI receptionists and support agents can handle qualification calls, appointment scheduling, FAQ resolution, and escalation routing — 24 hours a day, in multiple languages. Gartner projects that by 2029, 80% of customer service interactions will be resolved autonomously by AI agents, without human intervention. For businesses in Morocco operating across Arabic, French, Spanish, and English, multilingual AI agents remove a bottleneck that human-staffed reception simply cannot solve economically.","https://hivevaultarc.com/blog/agentic-ai-autonomous-revolution","en","numerical or quantified","unsupported — remove or rewrite unless exact evidence is approved","","","","","2026-09-13","","","Automated candidate; wording population geography date and source support require human verification.","unknown","Editorial and subject-matter reviewer","2026-09-20","pending_exact_source_review","src/lib/blog.ts:158"
"claim-6c583c531c","Traditional BI requires a data analyst to query databases, build reports, and then interpret findings for stakeholders — a process that takes days. Agentic AI analysts compress this to minutes. Connect an AI agent to your CRM, ERP, or database; give it a natural-language question; and it will write and execute the query, visualize the results, identify anomalies, and generate a plain-language summary. McKinsey estimates that knowledge-worker productivity gains from AI — primarily through automation of information retrieval and synthesis — represent a potential $4.4T in annual value globally.","https://hivevaultarc.com/blog/agentic-ai-autonomous-revolution","en","numerical or quantified","unsupported — remove or rewrite unless exact evidence is approved","","","","","2026-09-13","","","Automated candidate; wording population geography date and source support require human verification.","unknown","Editorial and subject-matter reviewer","2026-09-20","pending_exact_source_review","src/lib/blog.ts:167"
"claim-f1d9985a2f","Beyond the obvious customer-facing use cases, agentic AI is reshaping back-office operations. Invoice processing, contract review, onboarding workflows, inventory management — tasks that required human judgment because they involve variable, unstructured inputs are now within AI agents' reach. PwC found that 66% of companies that deployed AI in operations reported measurable cost reductions within 12 months.","https://hivevaultarc.com/blog/agentic-ai-autonomous-revolution","en","numerical or quantified","unsupported — remove or rewrite unless exact evidence is approved","","","","","2026-09-13","","","Automated candidate; wording population geography date and source support require human verification.","unknown","Editorial and subject-matter reviewer","2026-09-20","pending_exact_source_review","src/lib/blog.ts:176"
"claim-28c271f74a","Companies that deploy AI agents in 2025 will operate with fundamentally lower cost structures than competitors who wait until 2027. A Tangier-based logistics company that deploys an AI dispatcher and customer service agent today reduces operational overhead while its competitors are still evaluating vendors. In a market where margins are thin and talent costs are rising, this is not a marginal advantage — it's structural.","https://hivevaultarc.com/blog/agentic-ai-autonomous-revolution","en","comparative or superlative","unsupported — remove or rewrite unless exact evidence is approved","","","","","2026-09-13","","","Automated candidate; wording population geography date and source support require human verification.","unknown","Editorial and subject-matter reviewer","2026-09-20","pending_exact_source_review","src/lib/blog.ts:190"
"claim-3dde097f13","Identify your highest-volume, lowest-variance workflows — these are the best candidates for initial AI agent deployment.","https://hivevaultarc.com/blog/agentic-ai-autonomous-revolution","en","comparative or superlative","unsupported — remove or rewrite unless exact evidence is approved","","","","","2026-09-13","","","Automated candidate; wording population geography date and source support require human verification.","unknown","Editorial and subject-matter reviewer","2026-09-20","pending_exact_source_review","src/lib/blog.ts:205"
"claim-dcae516818","Choose a narrow vertical first: one process, one agent, one measurable outcome. Breadth before depth leads to expensive failures.","https://hivevaultarc.com/blog/agentic-ai-autonomous-revolution","en","comparative or superlative","unsupported — remove or rewrite unless exact evidence is approved","","","","","2026-09-13","","","Automated candidate; wording population geography date and source support require human verification.","unknown","Editorial and subject-matter reviewer","2026-09-20","pending_exact_source_review","src/lib/blog.ts:206"
"claim-1b9c37232e","Measure latency and cost before and after deployment. The ROI case almost always closes in 6 months or less.","https://hivevaultarc.com/blog/agentic-ai-autonomous-revolution","en","numerical or quantified","unsupported — remove or rewrite unless exact evidence is approved","","","","","2026-09-13","","","Automated candidate; wording population geography date and source support require human verification.","unknown","Editorial and subject-matter reviewer","2026-09-20","pending_exact_source_review","src/lib/blog.ts:208"
"claim-62098187cb","Plan for human-in-the-loop on edge cases. The best agentic systems know when to escalate to a human — design that handoff from day one.","https://hivevaultarc.com/blog/agentic-ai-autonomous-revolution","en","comparative or superlative","unsupported — remove or rewrite unless exact evidence is approved","","","","","2026-09-13","","","Automated candidate; wording population geography date and source support require human verification.","unknown","Editorial and subject-matter reviewer","2026-09-20","pending_exact_source_review","src/lib/blog.ts:209"
"claim-39a6cbe558","Generic SaaS tools are fast to start but slow to scale. Industry research from Forrester, McKinsey, Deloitte, and HIMSS shows that custom digital solutions consistently deliver higher ROI, lower long-term cost, and measurable operational improvements across real estate, healthcare, construction, and beyond.","https://hivevaultarc.com/blog/custom-digital-solutions-business-transformation","en","comparative or superlative","unsupported — remove or rewrite unless exact evidence is approved","","","","","2026-09-13","","","Automated candidate; wording population geography date and source support require human verification.","unknown","Editorial and subject-matter reviewer","2026-09-20","pending_exact_source_review","src/lib/blog.ts:230"
"claim-7d705fa668","Choose custom software when your competitive advantage lives inside your process — pricing logic, client workflow, local language requirements, or regulatory compliance. If you are spending significant staff hours working around a SaaS tool, or if your workflow has Morocco-specific requirements (Arabic CRM, local payment integration, WhatsApp-native processes), custom is the right answer.","https://hivevaultarc.com/blog/custom-digital-solutions-business-transformation","en","security privacy or compliance","unsupported — remove or rewrite unless exact evidence is approved","","","","","2026-09-13","","","Automated candidate; wording population geography date and source support require human verification.","unknown","Editorial and subject-matter reviewer","2026-09-20","pending_exact_source_review","src/lib/blog.ts:236"
"claim-a79f162383","Forrester research found that custom software delivers an average three-year ROI significantly higher than equivalent SaaS deployments. The gap comes from eliminating friction costs — workarounds, manual exports, broken integrations, and paying for features you never use.","https://hivevaultarc.com/blog/custom-digital-solutions-business-transformation","en","comparative or superlative","unsupported — remove or rewrite unless exact evidence is approved","","","","","2026-09-13","","","Automated candidate; wording population geography date and source support require human verification.","unknown","Editorial and subject-matter reviewer","2026-09-20","pending_exact_source_review","src/lib/blog.ts:241"
"claim-539a1b8ecc","A focused custom platform — CRM, internal portal, or patient management system — typically takes 8 to 20 weeks from discovery to production deployment, depending on scope and integrations. Hive Vault Arc delivers in sprints with regular demos so you have full visibility throughout the build.","https://hivevaultarc.com/blog/custom-digital-solutions-business-transformation","en","numerical or quantified","unsupported — remove or rewrite unless exact evidence is approved","","","","","2026-09-13","","","Automated candidate; wording population geography date and source support require human verification.","unknown","Editorial and subject-matter reviewer","2026-09-20","pending_exact_source_review","src/lib/blog.ts:251"
"claim-adcab4fcaf","increase in lead conversion with custom real estate CRM","https://hivevaultarc.com/blog/custom-digital-solutions-business-transformation","en","material factual claim","unsupported — remove or rewrite unless exact evidence is approved","","","","","2026-09-13","","","Automated candidate; wording population geography date and source support require human verification.","unknown","Editorial and subject-matter reviewer","2026-09-20","pending_exact_source_review","src/lib/blog.ts:278"
"claim-fed22b7386","The trap is seductive: a SaaS tool gets you to 70% of what you need within days. It's cheap to start, the UI is polished, and you don't need a developer. The problem is the remaining 30%. In most industries, that 30% is precisely where your competitive differentiation lives. Your pricing model, your client communication workflow, your inventory logic, your reporting structure — these are the things that make your business yours. Generic software makes you operate like everyone else.","https://hivevaultarc.com/blog/custom-digital-solutions-business-transformation","en","numerical or quantified","unsupported — remove or rewrite unless exact evidence is approved","","","","","2026-09-13","","","Automated candidate; wording population geography date and source support require human verification.","unknown","Editorial and subject-matter reviewer","2026-09-20","pending_exact_source_review","src/lib/blog.ts:290"
"claim-0082124f66","""Every workaround in your SaaS tool is a tax on your team's time. Multiply it by 12 months and you have the cost of building something that actually fits.""","https://hivevaultarc.com/blog/custom-digital-solutions-business-transformation","en","numerical or quantified","unsupported — remove or rewrite unless exact evidence is approved","","","","","2026-09-13","","","Automated candidate; wording population geography date and source support require human verification.","unknown","Editorial and subject-matter reviewer","2026-09-20","pending_exact_source_review","src/lib/blog.ts:300"
"claim-bc3ce20ef1","Deloitte's Real Estate Outlook 2024 adds another dimension: PropTech adoption — including custom property management, client portal, and analytics platforms — correlated with a 12 to 15 percent improvement in Net Operating Income (NOI) for commercial and residential portfolio operators. The mechanism is straightforward: better data means better pricing decisions, faster occupancy, and lower vacancy costs.","https://hivevaultarc.com/blog/custom-digital-solutions-business-transformation","en","comparative or superlative","unsupported — remove or rewrite unless exact evidence is approved","","","","","2026-09-13","","","Automated candidate; wording population geography date and source support require human verification.","unknown","Editorial and subject-matter reviewer","2026-09-20","pending_exact_source_review","src/lib/blog.ts:315"
"claim-a63bc1146a","Healthcare is where the cost of poor software is most visible — and most consequential. HIMSS' 2023 Digital Health Transformation Report found that clinics and small hospital groups that deployed custom patient management platforms (appointment systems, medical record access, billing workflows) reduced operational expenditures by an average of 20% within 18 months of deployment.","https://hivevaultarc.com/blog/custom-digital-solutions-business-transformation","en","numerical or quantified","unsupported — remove or rewrite unless exact evidence is approved","","","","","2026-09-13","","","Automated candidate; wording population geography date and source support require human verification.","unknown","Editorial and subject-matter reviewer","2026-09-20","pending_exact_source_review","src/lib/blog.ts:329"
"claim-9c4ff9ae3a","McKinsey's 2024 research on healthcare digitization found that end-to-end digital workflows — where patient intake, clinical notes, lab results, and billing flow through a single integrated system rather than disconnected tools — reduced overall healthcare delivery costs by 26%. Patient wait times fell by 50% in clinics that moved from paper-based and fragmented digital systems to integrated custom platforms.","https://hivevaultarc.com/blog/custom-digital-solutions-business-transformation","en","numerical or quantified","unsupported — remove or rewrite unless exact evidence is approved","","","","","2026-09-13","","","Automated candidate; wording population geography date and source support require human verification.","unknown","Editorial and subject-matter reviewer","2026-09-20","pending_exact_source_review","src/lib/blog.ts:334"
"claim-f03bfc9db6","For a medical clinic in Morocco, the case is especially compelling. The country's healthcare sector is expanding rapidly — both public and private — but software adoption lags. A custom patient portal with Arabic-language support, integration with Moroccan insurance systems, and a WhatsApp-based appointment reminder workflow is not available from any international SaaS vendor. It has to be built. Clinics that build it first will hold a durable operational advantage over competitors still managing appointments via phone calls and paper files.","https://hivevaultarc.com/blog/custom-digital-solutions-business-transformation","en","comparative or superlative","unsupported — remove or rewrite unless exact evidence is approved","","","","","2026-09-13","","","Automated candidate; wording population geography date and source support require human verification.","unknown","Editorial and subject-matter reviewer","2026-09-20","pending_exact_source_review","src/lib/blog.ts:348"
"claim-9add26eaf6","The pattern repeats across industries. In logistics, custom fleet and delivery management systems that integrate with local route data and regulatory requirements outperform generic tools. In hospitality, custom property management and booking systems built for specific property types and the Moroccan tourism market reduce double-bookings, improve occupancy, and give owners visibility that international PMS vendors don't provide. In retail, custom inventory and point-of-sale systems built around actual product categories and supplier relationships reduce stockouts and overstock.","https://hivevaultarc.com/blog/custom-digital-solutions-business-transformation","en","material factual claim","unsupported — remove or rewrite unless exact evidence is approved","","","","","2026-09-13","","","Automated candidate; wording population geography date and source support require human verification.","unknown","Editorial and subject-matter reviewer","2026-09-20","pending_exact_source_review","src/lib/blog.ts:371"
"claim-08f0f4afe0","If your workflow has significant local, linguistic, or regulatory specificity (Arabic CRM, Moroccan compliance requirements, local payment integration) — custom is the right answer.","https://hivevaultarc.com/blog/custom-digital-solutions-business-transformation","en","security privacy or compliance","unsupported — remove or rewrite unless exact evidence is approved","","","","","2026-09-13","","","Automated candidate; wording population geography date and source support require human verification.","unknown","Editorial and subject-matter reviewer","2026-09-20","pending_exact_source_review","src/lib/blog.ts:386"
"claim-1059a03319","If you spend significant staff hours workaround existing software — calculate that cost. In most cases, it funds a custom solution within 18 months.","https://hivevaultarc.com/blog/custom-digital-solutions-business-transformation","en","numerical or quantified","unsupported — remove or rewrite unless exact evidence is approved","","","","","2026-09-13","","","Automated candidate; wording population geography date and source support require human verification.","unknown","Editorial and subject-matter reviewer","2026-09-20","pending_exact_source_review","src/lib/blog.ts:388"
"claim-dcb5f14d15","If integration with local systems (WhatsApp Business, Moroccan banking APIs, government portals) is critical — custom is the only viable path.","https://hivevaultarc.com/blog/custom-digital-solutions-business-transformation","en","comparative or superlative","unsupported — remove or rewrite unless exact evidence is approved","","","","","2026-09-13","","","Automated candidate; wording population geography date and source support require human verification.","unknown","Editorial and subject-matter reviewer","2026-09-20","pending_exact_source_review","src/lib/blog.ts:389"
"claim-f977fa7149","Half of your conversions are won or lost in the first few screens. Here is the exact four-rule system for turning your onboarding flow from a revenue leak into your highest-performing growth surface.","https://hivevaultarc.com/blog/app-onboarding-conversion-revenue","en","comparative or superlative","unsupported — remove or rewrite unless exact evidence is approved","","","","","2026-09-13","","","Automated candidate; wording population geography date and source support require human verification.","unknown","Editorial and subject-matter reviewer","2026-09-20","pending_exact_source_review","src/lib/blog.ts:403"
"claim-8a53821003","Research shows that up to 50% of app conversions are decided during onboarding — before users ever reach the core product. Yet most developers treat onboarding as an afterthought. Here are the four rules that separate apps that triple revenue from apps that leave it on the table.","https://hivevaultarc.com/blog/app-onboarding-conversion-revenue","en","numerical or quantified","unsupported — remove or rewrite unless exact evidence is approved","","","","","2026-09-13","","","Automated candidate; wording population geography date and source support require human verification.","unknown","Editorial and subject-matter reviewer","2026-09-20","pending_exact_source_review","src/lib/blog.ts:410"
"claim-abb3407fc2","Because the decision to convert — pay, subscribe, or engage deeply — is made in the first few minutes. Research from Business of Apps shows that 77% of users who will ever churn do so within the first three days. The entire first session is an audition. If onboarding fails to communicate value quickly, most users leave before they ever see what the product can do.","https://hivevaultarc.com/blog/app-onboarding-conversion-revenue","en","numerical or quantified","unsupported — remove or rewrite unless exact evidence is approved","","","","","2026-09-13","","","Automated candidate; wording population geography date and source support require human verification.","unknown","Editorial and subject-matter reviewer","2026-09-20","pending_exact_source_review","src/lib/blog.ts:416"
"claim-ce189877f3","One. A single question or input per screen dramatically reduces cognitive load and drop-off. When users are asked to answer multiple questions on a single screen, the perceived effort spikes and abandonment follows. Each screen should do one job: ask one question, collect one answer, or communicate one value proposition.","https://hivevaultarc.com/blog/app-onboarding-conversion-revenue","en","material factual claim","unsupported — remove or rewrite unless exact evidence is approved","","","","","2026-09-13","","","Automated candidate; wording population geography date and source support require human verification.","unknown","Editorial and subject-matter reviewer","2026-09-20","pending_exact_source_review","src/lib/blog.ts:421"
"claim-362bbb0b09","Outcomes. Consistently, across app categories, paywalls that sell a result (""70% of users reach their goal within 90 days"") outperform paywalls that list features (""500 workouts, AI calorie tracker, offline mode""). Features are the mechanism; the outcome is what users are actually paying for. Lead with the outcome, then support it with features as proof.","https://hivevaultarc.com/blog/app-onboarding-conversion-revenue","en","numerical or quantified","unsupported — remove or rewrite unless exact evidence is approved","","","","","2026-09-13","","","Automated candidate; wording population geography date and source support require human verification.","unknown","Editorial and subject-matter reviewer","2026-09-20","pending_exact_source_review","src/lib/blog.ts:431"
"claim-b129ff1d21","Onboarding is finished when the user completes their first meaningful action inside the core product — not when they reach the last slide of your intro flow. This moment is called the ""aha moment"": the point at which the user personally experiences the value your product promises. Until that moment happens, your user is not onboarded, regardless of how many screens they have seen.","https://hivevaultarc.com/blog/app-onboarding-conversion-revenue","en","comparative or superlative","unsupported — remove or rewrite unless exact evidence is approved","","","","","2026-09-13","","","Automated candidate; wording population geography date and source support require human verification.","unknown","Editorial and subject-matter reviewer","2026-09-20","pending_exact_source_review","src/lib/blog.ts:436"
"claim-1740746859","https://superwall.com/blog/superwall-best-practices-winning-paywall-strategies-and-experiments-to/","https://hivevaultarc.com/blog/app-onboarding-conversion-revenue","en","comparative or superlative","unsupported — remove or rewrite unless exact evidence is approved","","","","","2026-09-13","","","Automated candidate; wording population geography date and source support require human verification.","unknown","Editorial and subject-matter reviewer","2026-09-20","pending_exact_source_review","src/lib/blog.ts:444"
"claim-4ca11d0415","RubyRoid Labs — Onboarding UX: Reducing Drop-Off in the First 60 Seconds","https://hivevaultarc.com/blog/app-onboarding-conversion-revenue","en","numerical or quantified","unsupported — remove or rewrite unless exact evidence is approved","","","","","2026-09-13","","","Automated candidate; wording population geography date and source support require human verification.","unknown","Editorial and subject-matter reviewer","2026-09-20","pending_exact_source_review","src/lib/blog.ts:447"
"claim-ebdbe1d92d","https://rubyroidlabs.com/blog/2026/02/ux-onboarding-first-60-seconds/","https://hivevaultarc.com/blog/app-onboarding-conversion-revenue","en","comparative or superlative","unsupported — remove or rewrite unless exact evidence is approved","","","","","2026-09-13","","","Automated candidate; wording population geography date and source support require human verification.","unknown","Editorial and subject-matter reviewer","2026-09-20","pending_exact_source_review","src/lib/blog.ts:447"
"claim-449ec2ccbd","Most developers ship onboarding the same way they ship a loading screen: quickly, reluctantly, and with the vague sense that they'll ""come back and improve it later."" They rarely do. And the revenue data on that decision is brutal.","https://hivevaultarc.com/blog/app-onboarding-conversion-revenue","en","material factual claim","unsupported — remove or rewrite unless exact evidence is approved","","","","","2026-09-13","","","Automated candidate; wording population geography date and source support require human verification.","unknown","Editorial and subject-matter reviewer","2026-09-20","pending_exact_source_review","src/lib/blog.ts:455"
"claim-06f5b8236e","According to Business of Apps, the global app onboarding completion rate after day 30 sits at just 8.4%. More starkly: 77% of daily active users stop using an app within the first three days of installation. The product they never fully used was not necessarily bad. In most cases, onboarding failed to get them to the moment where they could see that it was good. The drop-off was not a product problem. It was a communication problem — and communication problems are fixable.","https://hivevaultarc.com/blog/app-onboarding-conversion-revenue","en","numerical or quantified","unsupported — remove or rewrite unless exact evidence is approved","","","","","2026-09-13","","","Automated candidate; wording population geography date and source support require human verification.","unknown","Editorial and subject-matter reviewer","2026-09-20","pending_exact_source_review","src/lib/blog.ts:460"
"claim-ade03c1dd0","of users churn within the first 3 days of install","https://hivevaultarc.com/blog/app-onboarding-conversion-revenue","en","numerical or quantified","unsupported — remove or rewrite unless exact evidence is approved","","","","","2026-09-13","","","Automated candidate; wording population geography date and source support require human verification.","unknown","Editorial and subject-matter reviewer","2026-09-20","pending_exact_source_review","src/lib/blog.ts:465"
"claim-2062c145ca","The instrumentation is not complex. Fire a telemetry event every time a user advances from one onboarding screen to the next. Name the events consistently — `onboarding_screen_1_completed`, `onboarding_screen_2_completed` — and feed them into a funnel in Mixpanel or Amplitude. Within days you will have a clear picture of exactly where users are dropping out. The screen with the highest incremental drop-off is your first target.","https://hivevaultarc.com/blog/app-onboarding-conversion-revenue","en","comparative or superlative","unsupported — remove or rewrite unless exact evidence is approved","","","","","2026-09-13","","","Automated candidate; wording population geography date and source support require human verification.","unknown","Editorial and subject-matter reviewer","2026-09-20","pending_exact_source_review","src/lib/blog.ts:513"
"claim-09abdb107e","higher activation when onboarding guides users to one meaningful action first","https://hivevaultarc.com/blog/app-onboarding-conversion-revenue","en","comparative or superlative","unsupported — remove or rewrite unless exact evidence is approved","","","","","2026-09-13","","","Automated candidate; wording population geography date and source support require human verification.","unknown","Editorial and subject-matter reviewer","2026-09-20","pending_exact_source_review","src/lib/blog.ts:519"
"claim-7fb0f8611a","higher completion rate with personalized onboarding paths","https://hivevaultarc.com/blog/app-onboarding-conversion-revenue","en","comparative or superlative","unsupported — remove or rewrite unless exact evidence is approved","","","","","2026-09-13","","","Automated candidate; wording population geography date and source support require human verification.","unknown","Editorial and subject-matter reviewer","2026-09-20","pending_exact_source_review","src/lib/blog.ts:521"
"claim-e18170ecea","Any screen with a drop-off rate more than 15 percentage points higher than the screen before it is a red flag — investigate immediately.","https://hivevaultarc.com/blog/app-onboarding-conversion-revenue","en","comparative or superlative","unsupported — remove or rewrite unless exact evidence is approved","","","","","2026-09-13","","","Automated candidate; wording population geography date and source support require human verification.","unknown","Editorial and subject-matter reviewer","2026-09-20","pending_exact_source_review","src/lib/blog.ts:536"
"claim-7daaa37ac7","Run a brief qualitative survey after onboarding (""Was anything confusing?"") using quick emoji taps. When more than 25 responses point to the same friction point, that is a signal to rewrite that screen's copy or UX.","https://hivevaultarc.com/blog/app-onboarding-conversion-revenue","en","material factual claim","unsupported — remove or rewrite unless exact evidence is approved","","","","","2026-09-13","","","Automated candidate; wording population geography date and source support require human verification.","unknown","Editorial and subject-matter reviewer","2026-09-20","pending_exact_source_review","src/lib/blog.ts:539"
"claim-7abe25a8b4","Consider two paywalls for a hypothetical fitness app. The first lists everything in the subscription: 500 recommended workouts, an AI calorie tracker, offline mode, Apple Health sync, a community forum, and a personal records dashboard. The second says nothing about features. It says: ""70% of users who complete this program achieve their fitness goal within 90 days. Start your free trial."" Which converts better?","https://hivevaultarc.com/blog/app-onboarding-conversion-revenue","en","numerical or quantified","unsupported — remove or rewrite unless exact evidence is approved","","","","","2026-09-13","","","Automated candidate; wording population geography date and source support require human verification.","unknown","Editorial and subject-matter reviewer","2026-09-20","pending_exact_source_review","src/lib/blog.ts:549"
"claim-495585696f","Every A/B test and dataset on this question points to the same answer: the outcome-focused paywall wins. RevenueCAT's research on paywall placement and design found that dynamic, outcome-first paywalls deliver approximately 35% higher conversion rates than static, feature-listing paywalls. Superwall's analysis of high-converting subscription apps found that the strongest paywalls follow a simple structure: lead with the outcome, support it with social proof, then list features as the mechanism — not the headline.","https://hivevaultarc.com/blog/app-onboarding-conversion-revenue","en","numerical or quantified","unsupported — remove or rewrite unless exact evidence is approved","","","","","2026-09-13","","","Automated candidate; wording population geography date and source support require human verification.","unknown","Editorial and subject-matter reviewer","2026-09-20","pending_exact_source_review","src/lib/blog.ts:554"
"claim-76a8d18927","Superwall Best Practices Research, 2025","https://hivevaultarc.com/blog/app-onboarding-conversion-revenue","en","comparative or superlative","unsupported — remove or rewrite unless exact evidence is approved","","","","","2026-09-13","","","Automated candidate; wording population geography date and source support require human verification.","unknown","Editorial and subject-matter reviewer","2026-09-20","pending_exact_source_review","src/lib/blog.ts:560"
"claim-1868cbf6bd","The paywall timing matters as much as the copy. The highest-converting paywall placement is immediately after the user's first meaningful value moment inside the app — the moment they personally experience what the product does. Triggering a paywall before that moment is asking users to pay for something they have not yet felt. Triggering it after gives the paywall a referent: the user already has a memory of value, and the paywall is now an offer to repeat and expand that experience.","https://hivevaultarc.com/blog/app-onboarding-conversion-revenue","en","comparative or superlative","unsupported — remove or rewrite unless exact evidence is approved","","","","","2026-09-13","","","Automated candidate; wording population geography date and source support require human verification.","unknown","Editorial and subject-matter reviewer","2026-09-20","pending_exact_source_review","src/lib/blog.ts:565"
"claim-d4304e2d6a","A note on redundancy: if your onboarding flow already demonstrated the product's core value clearly, your paywall does not need to repeat all of it. Streamline. A paywall that restates everything the onboarding just said feels padded and reduces trust. Make the offer clear, concise, and specific. Users should be able to read it in under ten seconds and understand exactly what they are getting.","https://hivevaultarc.com/blog/app-onboarding-conversion-revenue","en","material factual claim","unsupported — remove or rewrite unless exact evidence is approved","","","","","2026-09-13","","","Automated candidate; wording population geography date and source support require human verification.","unknown","Editorial and subject-matter reviewer","2026-09-20","pending_exact_source_review","src/lib/blog.ts:570"
"claim-a38ccb3e5b","This is the rule most developers miss entirely, and it is the one with the largest downstream impact on retention. When a user taps ""Get Started"" and lands in your product for the first time, they are not onboarded. They have been oriented. Onboarding ends when the user completes their first meaningful action — the core behavior that delivers the product's primary value — and has a genuine ""aha moment.""","https://hivevaultarc.com/blog/app-onboarding-conversion-revenue","en","comparative or superlative","unsupported — remove or rewrite unless exact evidence is approved","","","","","2026-09-13","","","Automated candidate; wording population geography date and source support require human verification.","unknown","Editorial and subject-matter reviewer","2026-09-20","pending_exact_source_review","src/lib/blog.ts:579"
"claim-ffaf9a738f","Product research firm Userpilot defines the aha moment as the point where the user personally experiences the specific value your product was built to deliver. For Spotify, it is the first time a playlist plays uninterrupted, perfectly matched to a mood. For a B2B SaaS tool, it might be the first report generated that reveals something the user did not know before. For a fitness app, it is finishing the first workout and seeing a logged entry. Until this moment happens, the user is still at risk.","https://hivevaultarc.com/blog/app-onboarding-conversion-revenue","en","comparative or superlative","unsupported — remove or rewrite unless exact evidence is approved","","","","","2026-09-13","","","Automated candidate; wording population geography date and source support require human verification.","unknown","Editorial and subject-matter reviewer","2026-09-20","pending_exact_source_review","src/lib/blog.ts:584"
"claim-5713f25839","The most dangerous gap in most apps is the space between the last onboarding screen and the first meaningful action. This gap — often a blank dashboard, an empty state, or a feature menu with no clear starting point — is where a significant fraction of users who completed your intro flow still churn. They finished your slides. They just did not know what to do next.","https://hivevaultarc.com/blog/app-onboarding-conversion-revenue","en","comparative or superlative","unsupported — remove or rewrite unless exact evidence is approved","","","","","2026-09-13","","","Automated candidate; wording population geography date and source support require human verification.","unknown","Editorial and subject-matter reviewer","2026-09-20","pending_exact_source_review","src/lib/blog.ts:593"
"claim-8eed74a96a","Closing this gap requires extending the hand-hold beyond the intro flow. Contextual tooltips that activate on first encounter with a key feature — not a pop-up tutorial that runs on launch, but a small callout that appears the first time a user hovers over or taps the most important button — dramatically reduce confusion without adding upfront friction. An optional ""Next step"" ribbon anchored to the bottom of the screen, pointing toward the core action, keeps new users oriented without blocking their exploration. The goal is to make the path to the aha moment impossible to miss.","https://hivevaultarc.com/blog/app-onboarding-conversion-revenue","en","comparative or superlative","unsupported — remove or rewrite unless exact evidence is approved","","","","","2026-09-13","","","Automated candidate; wording population geography date and source support require human verification.","unknown","Editorial and subject-matter reviewer","2026-09-20","pending_exact_source_review","src/lib/blog.ts:598"
"claim-73b30b7047","Apps that close this gap see retention gains that compound. RubyRoid Labs' 2026 analysis of onboarding drop-off patterns found that 70% of user churn in the first session occurs not because the product is bad, but because users encountered confusion in the first 60 seconds after the intro flow ended. Confusion is not a feature problem. It is a guidance problem. And guidance problems are entirely within the developer's control.","https://hivevaultarc.com/blog/app-onboarding-conversion-revenue","en","numerical or quantified","unsupported — remove or rewrite unless exact evidence is approved","","","","","2026-09-13","","","Automated candidate; wording population geography date and source support require human verification.","unknown","Editorial and subject-matter reviewer","2026-09-20","pending_exact_source_review","src/lib/blog.ts:603"
"claim-a7375f0c6b","This is the simplest item on the list and one of the highest-return implementations in onboarding: a genuine celebration screen. When a user completes your onboarding flow, or subscribes, or completes their first meaningful action — stop. Acknowledge it. A clear congratulatory message, an animation, even confetti. It sounds trivial. The behavioral data on it is not.","https://hivevaultarc.com/blog/app-onboarding-conversion-revenue","en","comparative or superlative","unsupported — remove or rewrite unless exact evidence is approved","","","","","2026-09-13","","","Automated candidate; wording population geography date and source support require human verification.","unknown","Editorial and subject-matter reviewer","2026-09-20","pending_exact_source_review","src/lib/blog.ts:612"
"claim-412422e773","Positive reinforcement at key completion milestones increases the likelihood that users return to complete the next step. Gamification research cited by UserGuiding found that 65–70% of organizations using milestone celebrations in onboarding reported measurably higher completion rates compared to flows without them. The mechanism is basic behavioral psychology: reward the behavior you want repeated. If you want users to engage deeply with your product, reward them the first time they do it.","https://hivevaultarc.com/blog/app-onboarding-conversion-revenue","en","numerical or quantified","unsupported — remove or rewrite unless exact evidence is approved","","","","","2026-09-13","","","Automated candidate; wording population geography date and source support require human verification.","unknown","Editorial and subject-matter reviewer","2026-09-20","pending_exact_source_review","src/lib/blog.ts:617"
"claim-e483ef4822","Is your paywall placed after — not before — the user's first value moment inside the product?","https://hivevaultarc.com/blog/app-onboarding-conversion-revenue","en","comparative or superlative","unsupported — remove or rewrite unless exact evidence is approved","","","","","2026-09-13","","","Automated candidate; wording population geography date and source support require human verification.","unknown","Editorial and subject-matter reviewer","2026-09-20","pending_exact_source_review","src/lib/blog.ts:636"
"claim-6a3efcfff9","What happens after the last onboarding screen? Is there a clear, contextual pointer to the first meaningful action users should take?","https://hivevaultarc.com/blog/app-onboarding-conversion-revenue","en","comparative or superlative","unsupported — remove or rewrite unless exact evidence is approved","","","","","2026-09-13","","","Automated candidate; wording population geography date and source support require human verification.","unknown","Editorial and subject-matter reviewer","2026-09-20","pending_exact_source_review","src/lib/blog.ts:637"
"claim-fe631e5908","At Hive Vault Arc, we build mobile and web applications where onboarding is treated as a first-class engineering surface, not a post-launch task. Funnel instrumentation, aha-moment mapping, and paywall optimization are part of the build spec — not the post-mortem. If you are building a product and want a development partner who understands the revenue architecture of modern apps, start with a call.","https://hivevaultarc.com/blog/app-onboarding-conversion-revenue","en","comparative or superlative","unsupported — remove or rewrite unless exact evidence is approved","","","","","2026-09-13","","","Automated candidate; wording population geography date and source support require human verification.","unknown","Editorial and subject-matter reviewer","2026-09-20","pending_exact_source_review","src/lib/blog.ts:652"
"claim-95e84eb95c","A WhatsApp AI chatbot is an automated system connected to the WhatsApp Business API that handles customer conversations using artificial intelligence. Unlike simple rule-based bots, an AI chatbot understands natural language in Arabic, French, Spanish, and English — qualifying leads, booking appointments, answering FAQs, and escalating complex cases to a human agent. For Moroccan businesses, this means every WhatsApp inquiry is handled instantly, 24 hours a day.","https://hivevaultarc.com/blog/whatsapp-ai-chatbot-morocco-business-guide","en","numerical or quantified","unsupported — remove or rewrite unless exact evidence is approved","","","","","2026-09-13","","","Automated candidate; wording population geography date and source support require human verification.","unknown","Editorial and subject-matter reviewer","2026-09-20","pending_exact_source_review","src/lib/blog.ts:673"
"claim-e4197f4db3","The cost depends on complexity and integrations. A focused WhatsApp AI chatbot — covering FAQ resolution, lead qualification, and appointment booking — typically runs 4 to 8 weeks of development. WhatsApp Business API access is free for the first 1,000 conversations per month, after which Meta charges per conversation. Hive Vault Arc builds custom WhatsApp AI systems; contact us for a scoped estimate specific to your business.","https://hivevaultarc.com/blog/whatsapp-ai-chatbot-morocco-business-guide","en","numerical or quantified","unsupported — remove or rewrite unless exact evidence is approved","","","","","2026-09-13","","","Automated candidate; wording population geography date and source support require human verification.","unknown","Editorial and subject-matter reviewer","2026-09-20","pending_exact_source_review","src/lib/blog.ts:678"
"claim-fc8d76d9c3","Real estate agencies (instant property inquiry responses, multilingual lead qualification), healthcare clinics (appointment booking, reminder messages, pre-consultation FAQs), logistics and delivery companies (order status queries, route updates), and retail businesses with high WhatsApp inquiry volume. Any business receiving more than 20 customer messages per day on WhatsApp has a clear ROI case for automation.","https://hivevaultarc.com/blog/whatsapp-ai-chatbot-morocco-business-guide","en","material factual claim","unsupported — remove or rewrite unless exact evidence is approved","","","","","2026-09-13","","","Automated candidate; wording population geography date and source support require human verification.","unknown","Editorial and subject-matter reviewer","2026-09-20","pending_exact_source_review","src/lib/blog.ts:693"
"claim-440f5ee99b","The problem is scale. Managing WhatsApp manually works at 10 messages a day. At 50, it becomes someone's full-time job. At 200, it breaks. Inquiries pile up overnight. Leads go cold waiting for a response. The same FAQ gets answered by a different person every time. A customer who expected a reply in 5 minutes waits 4 hours. By then, they've messaged your competitor.","https://hivevaultarc.com/blog/whatsapp-ai-chatbot-morocco-business-guide","en","numerical or quantified","unsupported — remove or rewrite unless exact evidence is approved","","","","","2026-09-13","","","Automated candidate; wording population geography date and source support require human verification.","unknown","Editorial and subject-matter reviewer","2026-09-20","pending_exact_source_review","src/lib/blog.ts:713"
"claim-ce74a94b2c","of customers buy from the company that responds first","https://hivevaultarc.com/blog/whatsapp-ai-chatbot-morocco-business-guide","en","comparative or superlative","unsupported — remove or rewrite unless exact evidence is approved","","","","","2026-09-13","","","Automated candidate; wording population geography date and source support require human verification.","unknown","Editorial and subject-matter reviewer","2026-09-20","pending_exact_source_review","src/lib/blog.ts:720"
"claim-155b8f0f36","of consumers say they message businesses more now than they did 2 years ago","https://hivevaultarc.com/blog/whatsapp-ai-chatbot-morocco-business-guide","en","numerical or quantified","unsupported — remove or rewrite unless exact evidence is approved","","","","","2026-09-13","","","Automated candidate; wording population geography date and source support require human verification.","unknown","Editorial and subject-matter reviewer","2026-09-20","pending_exact_source_review","src/lib/blog.ts:721"
"claim-f4ea9b5ced","The implication for businesses is clear: your WhatsApp number is your front door. A prospect who sends a WhatsApp message and waits 4 hours for a reply experiences your business as slow and disorganized — regardless of how excellent your actual service is. First impressions happen at the speed of response.","https://hivevaultarc.com/blog/whatsapp-ai-chatbot-morocco-business-guide","en","numerical or quantified","unsupported — remove or rewrite unless exact evidence is approved","","","","","2026-09-13","","","Automated candidate; wording population geography date and source support require human verification.","unknown","Editorial and subject-matter reviewer","2026-09-20","pending_exact_source_review","src/lib/blog.ts:736"
"claim-825c8e6912","""Speed is the new loyalty. The brand that responds first does not just win the sale — it becomes the benchmark every competitor is measured against.""","https://hivevaultarc.com/blog/whatsapp-ai-chatbot-morocco-business-guide","en","comparative or superlative","unsupported — remove or rewrite unless exact evidence is approved","","","","","2026-09-13","","","Automated candidate; wording population geography date and source support require human verification.","unknown","Editorial and subject-matter reviewer","2026-09-20","pending_exact_source_review","src/lib/blog.ts:741"
"claim-520516a3fe","The result: your team stops spending 3 hours a day answering the same 12 questions on WhatsApp and starts spending their time on work that requires judgment. The chatbot handles the volume. Your team handles the nuance.","https://hivevaultarc.com/blog/whatsapp-ai-chatbot-morocco-business-guide","en","numerical or quantified","unsupported — remove or rewrite unless exact evidence is approved","","","","","2026-09-13","","","Automated candidate; wording population geography date and source support require human verification.","unknown","Editorial and subject-matter reviewer","2026-09-20","pending_exact_source_review","src/lib/blog.ts:765"
"claim-e32193b701","A prospect sends a WhatsApp message at 10pm asking about a listed apartment. Without a chatbot, that message waits until morning. With one, the chatbot responds immediately: confirms availability, asks qualifying questions (budget, timeline, number of bedrooms), books a viewing, and sends the property brochure — all before the agent arrives at work the next day. The National Association of Realtors found that agencies using automated lead response tools saw 35% higher conversion rates versus those relying on manual follow-up.","https://hivevaultarc.com/blog/whatsapp-ai-chatbot-morocco-business-guide","en","numerical or quantified","unsupported — remove or rewrite unless exact evidence is approved","","","","","2026-09-13","","","Automated candidate; wording population geography date and source support require human verification.","unknown","Editorial and subject-matter reviewer","2026-09-20","pending_exact_source_review","src/lib/blog.ts:778"
"claim-17461b1c9c","Clinics in Morocco receive dozens of appointment requests daily through WhatsApp. A chatbot handles the booking flow end-to-end: asks for the patient's name, preferred doctor, and appointment time; checks availability; confirms the slot; and sends a reminder 24 hours before. Gartner projects that by 2026, conversational AI will handle 40% of inbound healthcare appointment requests globally. For clinics already under administrative load, this is not a future upgrade — it is a present-tense operational necessity.","https://hivevaultarc.com/blog/whatsapp-ai-chatbot-morocco-business-guide","en","numerical or quantified","unsupported — remove or rewrite unless exact evidence is approved","","","","","2026-09-13","","","Automated candidate; wording population geography date and source support require human verification.","unknown","Editorial and subject-matter reviewer","2026-09-20","pending_exact_source_review","src/lib/blog.ts:787"
"claim-380fc73658","""Where is my order?"" is the single most common customer service query for any logistics business. A WhatsApp AI chatbot connected to your shipment tracking system answers this query in 3 seconds, 24 hours a day, in Arabic or French, without any agent involvement. Multiply that across hundreds of daily inquiries and the operational saving becomes substantial within the first month.","https://hivevaultarc.com/blog/whatsapp-ai-chatbot-morocco-business-guide","en","numerical or quantified","unsupported — remove or rewrite unless exact evidence is approved","","","","","2026-09-13","","","Automated candidate; wording population geography date and source support require human verification.","unknown","Editorial and subject-matter reviewer","2026-09-20","pending_exact_source_review","src/lib/blog.ts:796"
"claim-0611d295c1","Meta charges for WhatsApp Business API conversations above 1,000 per month. Rates are tiered by conversation type (service vs. marketing) and country. For most Moroccan SMEs in the 200–1,000 daily message range, the monthly API cost is modest — and is offset within days by the reduction in manual agent time. Hive Vault Arc handles the API setup, Business Manager verification, and phone number registration as part of every chatbot deployment.","https://hivevaultarc.com/blog/whatsapp-ai-chatbot-morocco-business-guide","en","material factual claim","unsupported — remove or rewrite unless exact evidence is approved","","","","","2026-09-13","","","Automated candidate; wording population geography date and source support require human verification.","unknown","Editorial and subject-matter reviewer","2026-09-20","pending_exact_source_review","src/lib/blog.ts:810"
"claim-8a64af2c9b","Multilingual support is built in from day one. Every Hive Vault Arc WhatsApp AI chatbot handles Arabic, French, Spanish, and English natively — with the option to include Moroccan Darija for businesses whose customer base requires it. Conversations are logged, escalation handoffs are clean, and the system is designed to improve over time as more conversation data is captured.","https://hivevaultarc.com/blog/whatsapp-ai-chatbot-morocco-business-guide","en","material factual claim","unsupported — remove or rewrite unless exact evidence is approved","","","","","2026-09-13","","","Automated candidate; wording population geography date and source support require human verification.","unknown","Editorial and subject-matter reviewer","2026-09-20","pending_exact_source_review","src/lib/blog.ts:824"
"claim-3874da0983","You receive more than 20 WhatsApp customer messages per day and response time is a bottleneck.","https://hivevaultarc.com/blog/whatsapp-ai-chatbot-morocco-business-guide","en","material factual claim","unsupported — remove or rewrite unless exact evidence is approved","","","","","2026-09-13","","","Automated candidate; wording population geography date and source support require human verification.","unknown","Editorial and subject-matter reviewer","2026-09-20","pending_exact_source_review","src/lib/blog.ts:839"
"claim-5a5b01687a","If two or more of those apply to your business, a WhatsApp AI chatbot will have a clear, measurable return within the first 60 days. At Hive Vault Arc, we build these systems for businesses in Tangier and across Morocco — customized to your workflow, your languages, and your customer base. If you want to understand what deployment would look like for your specific situation, the conversation starts with a call.","https://hivevaultarc.com/blog/whatsapp-ai-chatbot-morocco-business-guide","en","numerical or quantified","unsupported — remove or rewrite unless exact evidence is approved","","","","","2026-09-13","","","Automated candidate; wording population geography date and source support require human verification.","unknown","Editorial and subject-matter reviewer","2026-09-20","pending_exact_source_review","src/lib/blog.ts:850"
"claim-0ffe8b7344","The global AI agent market is projected to reach $103.6 billion by 2032, and 52% of executives have already deployed agents in production. Companies that delay are not staying neutral — they are falling behind competitors who are compounding operational advantages every month. This article makes the case for why 2026 is the year to act, and how Morocco's businesses can position themselves as smart followers rather than permanent laggards.","https://hivevaultarc.com/blog/why-companies-must-integrate-ai-agents-2025","en","numerical or quantified","unsupported — remove or rewrite unless exact evidence is approved","","","","","2026-09-13","","","Automated candidate; wording population geography date and source support require human verification.","unknown","Editorial and subject-matter reviewer","2026-09-20","pending_exact_source_review","src/lib/blog.ts:864"
"claim-82a466dfed","The evidence consistently shows the opposite. The World Economic Forum projects a net global gain of 78 million jobs by 2030 despite AI automation. Companies use AI agents to remove high-volume, repetitive cognitive work — data entry, routing, report generation, FAQ answering — so that employees can focus on judgment-intensive work that creates more value. Mayo Clinic, for example, expanded its radiology staff by over 50% since 2016 while deploying hundreds of AI diagnostic models.","https://hivevaultarc.com/blog/why-companies-must-integrate-ai-agents-2025","en","numerical or quantified","unsupported — remove or rewrite unless exact evidence is approved","","","","","2026-09-13","","","Automated candidate; wording population geography date and source support require human verification.","unknown","Editorial and subject-matter reviewer","2026-09-20","pending_exact_source_review","src/lib/blog.ts:880"
"claim-7d8f70d510","According to a 2025 study by Tenet and Index.dev, the average projected ROI from agentic AI deployments is 171%. McKinsey reports 20-40% productivity gains in knowledge work functions where AI is integrated. The most reliable ROI comes from high-volume, rule-bound workflows where the agent handles consistent tasks 24/7 — freeing staff for higher-value work while reducing per-interaction cost.","https://hivevaultarc.com/blog/why-companies-must-integrate-ai-agents-2025","en","numerical or quantified","unsupported — remove or rewrite unless exact evidence is approved","","","","","2026-09-13","","","Automated candidate; wording population geography date and source support require human verification.","unknown","Editorial and subject-matter reviewer","2026-09-20","pending_exact_source_review","src/lib/blog.ts:885"
"claim-94b0274437","Yes. Cloud-based language models and API infrastructure have dramatically reduced entry costs over the past two years. A targeted single-agent deployment — a customer service bot, a lead qualification agent, or an internal knowledge assistant — is achievable for most Moroccan SMEs without large upfront infrastructure investment. The key is starting with a well-scoped use case and a partner who understands your market's language and regulatory context.","https://hivevaultarc.com/blog/why-companies-must-integrate-ai-agents-2025","en","material factual claim","unsupported — remove or rewrite unless exact evidence is approved","","","","","2026-09-13","","","Automated candidate; wording population geography date and source support require human verification.","unknown","Editorial and subject-matter reviewer","2026-09-20","pending_exact_source_review","src/lib/blog.ts:890"
"claim-81de44fc07","The debate about whether companies should adopt AI agents is over. According to BCG's September 2025 research across thousands of executives, AI leaders — companies that have moved beyond experimentation into scaled deployment — are on track for 2x revenue growth and 40% greater cost reductions by 2028 compared to companies that are still watching from the sidelines. The gap is not theoretical. It is accumulating right now, compounding with every quarter of delay. Companies that wait are not staying neutral. They are falling behind competitors who are training agents on real customer conversations, automating real workflows, and reinvesting the operational savings into further capability.","https://hivevaultarc.com/blog/why-companies-must-integrate-ai-agents-2025","en","numerical or quantified","unsupported — remove or rewrite unless exact evidence is approved","","","","","2026-09-13","","","Automated candidate; wording population geography date and source support require human verification.","unknown","Editorial and subject-matter reviewer","2026-09-20","pending_exact_source_review","src/lib/blog.ts:909"
"claim-3c4c2ff7da","Projected global AI agent market by 2032 (45.3% CAGR from $7.38B in 2025)","https://hivevaultarc.com/blog/why-companies-must-integrate-ai-agents-2025","en","numerical or quantified","unsupported — remove or rewrite unless exact evidence is approved","","","","","2026-09-13","","","Automated candidate; wording population geography date and source support require human verification.","unknown","Editorial and subject-matter reviewer","2026-09-20","pending_exact_source_review","src/lib/blog.ts:916"
"claim-bf0d02be1c","Of executives have deployed AI agents in production; 39% have launched more than 10 agents","https://hivevaultarc.com/blog/why-companies-must-integrate-ai-agents-2025","en","numerical or quantified","unsupported — remove or rewrite unless exact evidence is approved","","","","","2026-09-13","","","Automated candidate; wording population geography date and source support require human verification.","unknown","Editorial and subject-matter reviewer","2026-09-20","pending_exact_source_review","src/lib/blog.ts:921"
"claim-6dc90bb8cb","Document processing workflows — reading contracts, invoices, and compliance forms, extracting structured data, flagging anomalies, and routing for human review only when needed","https://hivevaultarc.com/blog/why-companies-must-integrate-ai-agents-2025","en","security privacy or compliance","unsupported — remove or rewrite unless exact evidence is approved","","","","","2026-09-13","","","Automated candidate; wording population geography date and source support require human verification.","unknown","Editorial and subject-matter reviewer","2026-09-20","pending_exact_source_review","src/lib/blog.ts:950"
"claim-b6359dc404","The companies winning with AI are not the ones replacing headcount — they are the ones removing repetitive cognitive work so their people can operate at a higher level.","https://hivevaultarc.com/blog/why-companies-must-integrate-ai-agents-2025","en","comparative or superlative","unsupported — remove or rewrite unless exact evidence is approved","","","","","2026-09-13","","","Automated candidate; wording population geography date and source support require human verification.","unknown","Editorial and subject-matter reviewer","2026-09-20","pending_exact_source_review","src/lib/blog.ts:961"
"claim-b9bcdb0227","One of the most persistent anxieties about AI adoption is the assumption that deployment is a precursor to headcount reduction. The data does not support this. The World Economic Forum's Future of Jobs Report 2025 projects that by 2030, AI and automation will displace roughly 92 million roles globally — but create 170 million new ones, a net gain of 78 million jobs. MIT Sloan and Harvard Business Review research published in March 2026 found that after ChatGPT's launch, AI-related job postings grew 20%, while postings for routine-task roles fell 13%. The pattern is consistent: AI compresses the volume of low-variance, high-frequency cognitive work, and humans are reallocated toward judgment-intensive functions that require context, relationships, and creativity — work that is more valuable and more satisfying. Seventy-five percent of workers were already using AI tools at work in 2024 according to BCG's AI at Work research. The question is no longer whether employees will work alongside AI. It is whether businesses will structure that collaboration intentionally.","https://hivevaultarc.com/blog/why-companies-must-integrate-ai-agents-2025","en","numerical or quantified","unsupported — remove or rewrite unless exact evidence is approved","","","","","2026-09-13","","","Automated candidate; wording population geography date and source support require human verification.","unknown","Editorial and subject-matter reviewer","2026-09-20","pending_exact_source_review","src/lib/blog.ts:967"
"claim-2a8ea1986d","Consider two examples. A sales team deploys an AI agent to qualify inbound leads — reviewing form submissions, scoring against ideal customer criteria, sending initial outreach sequences, and booking calls for human reps only with leads above a defined threshold. Human reps, freed from spending 40% of their day on low-probability outreach, spend that time on closing and relationship development. Conversion rates go up. A finance team deploys an AI agent to run daily account reconciliation, flag discrepancies above a threshold, and generate a morning exception report. Analysts, freed from manual matching, focus on strategic forecasting and variance analysis. Reporting accuracy improves and close cycles shorten. In both cases, the headcount stays the same. The output per person increases. IDC projects that by 2026, 40% of roles in the world's 2,000 largest companies will involve direct AI agent engagement — not replacement, integration.","https://hivevaultarc.com/blog/why-companies-must-integrate-ai-agents-2025","en","numerical or quantified","unsupported — remove or rewrite unless exact evidence is approved","","","","","2026-09-13","","","Automated candidate; wording population geography date and source support require human verification.","unknown","Editorial and subject-matter reviewer","2026-09-20","pending_exact_source_review","src/lib/blog.ts:972"
"claim-020e68f477","Morocco's digital transformation trajectory is accelerating faster than most international commentary acknowledges. The government launched the Digital Morocco 2030 strategy in September 2024, earmarking 11 billion dirhams — approximately $1.2 billion — for digital infrastructure investment through 2026. In January 2026, the Ministry of Digital Transition unveiled the Maroc IA 2030 roadmap, targeting a 100 billion dirham GDP contribution from AI by 2030, 50,000 new AI-related jobs, and 200,000 graduates trained in AI competencies. The UNDP has designated Morocco as the Arab-African Centre of AI. And the $16.6 billion Tanger data center project signals a level of infrastructure commitment that will redefine the country's position in regional technology infrastructure. These are not aspirational statements. They are funded, announced programs that are already reshaping the landscape within which Moroccan businesses operate.","https://hivevaultarc.com/blog/why-companies-must-integrate-ai-agents-2025","en","numerical or quantified","unsupported — remove or rewrite unless exact evidence is approved","","","","","2026-09-13","","","Automated candidate; wording population geography date and source support require human verification.","unknown","Editorial and subject-matter reviewer","2026-09-20","pending_exact_source_review","src/lib/blog.ts:981"
"claim-4b0dbf7646","Projected CAGR for Morocco's AI market (2024–2030), reaching $1.15B by 2030","https://hivevaultarc.com/blog/why-companies-must-integrate-ai-agents-2025","en","numerical or quantified","unsupported — remove or rewrite unless exact evidence is approved","","","","","2026-09-13","","","Automated candidate; wording population geography date and source support require human verification.","unknown","Editorial and subject-matter reviewer","2026-09-20","pending_exact_source_review","src/lib/blog.ts:988"
"claim-8c99075abe","Morocco's global AI adoption rank — first in North Africa","https://hivevaultarc.com/blog/why-companies-must-integrate-ai-agents-2025","en","comparative or superlative","unsupported — remove or rewrite unless exact evidence is approved","","","","","2026-09-13","","","Automated candidate; wording population geography date and source support require human verification.","unknown","Editorial and subject-matter reviewer","2026-09-20","pending_exact_source_review","src/lib/blog.ts:993"
"claim-b0d032b8b7","Of Moroccan businesses have invested in AI or plan to within 3–5 years","https://hivevaultarc.com/blog/why-companies-must-integrate-ai-agents-2025","en","numerical or quantified","unsupported — remove or rewrite unless exact evidence is approved","","","","","2026-09-13","","","Automated candidate; wording population geography date and source support require human verification.","unknown","Editorial and subject-matter reviewer","2026-09-20","pending_exact_source_review","src/lib/blog.ts:998"
"claim-c30dc5c0c6","Morocco does not need to be a first-mover in AI research to extract the full value of AI agents. The infrastructure already exists in the form of cloud platforms, mature language model APIs, and established integration frameworks. The advantage today is not who invented the technology — it is who deploys it effectively and fastest within their operating context. A Moroccan logistics company that deploys a bilingual Arabic-French customer service agent in the next six months is not waiting for a local LLM to be invented. It is using infrastructure that already exists, configured for its specific workflows and languages, to compound operational advantages before its competitors do the same. Over 40% of Moroccan mid-market companies have already deployed chatbot solutions. The next step — from reactive chatbots to proactive AI agents — is a smaller technical leap than most decision-makers assume, and a significantly larger competitive leap than most of their competitors are prepared for.","https://hivevaultarc.com/blog/why-companies-must-integrate-ai-agents-2025","en","numerical or quantified","unsupported — remove or rewrite unless exact evidence is approved","","","","","2026-09-13","","","Automated candidate; wording population geography date and source support require human verification.","unknown","Editorial and subject-matter reviewer","2026-09-20","pending_exact_source_review","src/lib/blog.ts:1011"
"claim-47a5d4e07d","Delay in AI agent adoption is not a neutral choice. Every month a competitor is operating with an AI-optimized workflow is a month they are accumulating advantages that are difficult to reverse. Their agent is learning the specific vocabulary of their customers. Their team is developing the operational habits of human-AI collaboration. Their cost per customer interaction is declining while yours stays flat. After 24 months, the gap between an AI-integrated operation and a traditional one is not a software feature difference — it is an organizational capability difference. Customer expectations are also compounding. Businesses that deploy 24/7 AI service today are training their customers to expect instant, accurate responses. When those customers interact with a competitor that still relies on business-hours email support and Monday response windows, the comparison is unfavorable and increasingly unacceptable. The window for deploying AI agents as a differentiator is narrowing. In 18–24 months, for most industries, it will be table stakes.","https://hivevaultarc.com/blog/why-companies-must-integrate-ai-agents-2025","en","numerical or quantified","unsupported — remove or rewrite unless exact evidence is approved","","","","","2026-09-13","","","Automated candidate; wording population geography date and source support require human verification.","unknown","Editorial and subject-matter reviewer","2026-09-20","pending_exact_source_review","src/lib/blog.ts:1020"
"claim-b97c413798","Identify your highest-volume, lowest-variance workflows — these are the strongest candidates for a first agent deployment. The more repetitive and rule-bound the task, the faster and cleaner the ROI.","https://hivevaultarc.com/blog/why-companies-must-integrate-ai-agents-2025","en","comparative or superlative","unsupported — remove or rewrite unless exact evidence is approved","","","","","2026-09-13","","","Automated candidate; wording population geography date and source support require human verification.","unknown","Editorial and subject-matter reviewer","2026-09-20","pending_exact_source_review","src/lib/blog.ts:1029"
"claim-5dc6d21fd9","Define the success metric before you build. Decide in advance what ""working"" looks like: response time, resolution rate, cost per interaction, lead qualification accuracy. A deployment without a defined success metric cannot be improved or scaled.","https://hivevaultarc.com/blog/why-companies-must-integrate-ai-agents-2025","en","material factual claim","unsupported — remove or rewrite unless exact evidence is approved","","","","","2026-09-13","","","Automated candidate; wording population geography date and source support require human verification.","unknown","Editorial and subject-matter reviewer","2026-09-20","pending_exact_source_review","src/lib/blog.ts:1031"
"claim-1eb7f2f932","Cloud infrastructure secure systems and observability","route_mapping_required","en","security privacy or compliance","unsupported — remove or rewrite unless exact evidence is approved","","","","","2026-09-13","","","Automated candidate; wording population geography date and source support require human verification.","unknown","Editorial and subject-matter reviewer","2026-09-20","pending_exact_source_review","src/lib/capabilities.ts:122"
"claim-37628419ea","Up to FP4 AI performance","slug:nvidia-rtx-spark-local-ai-superchip-private-agents","en","material factual claim","unsupported — remove or rewrite unless exact evidence is approved","","","","","2026-09-13","","","Automated candidate; wording population geography date and source support require human verification.","unknown","Editorial and subject-matter reviewer","2026-09-20","pending_exact_source_review","src/lib/insights.ts:102"
"claim-aa62f33e3a","Up to unified memory","slug:nvidia-rtx-spark-local-ai-superchip-private-agents","en","material factual claim","unsupported — remove or rewrite unless exact evidence is approved","","","","","2026-09-13","","","Automated candidate; wording population geography date and source support require human verification.","unknown","Editorial and subject-matter reviewer","2026-09-20","pending_exact_source_review","src/lib/insights.ts:103"
"claim-2908127210","Up to Blackwell RTX CUDA cores","slug:nvidia-rtx-spark-local-ai-superchip-private-agents","en","material factual claim","unsupported — remove or rewrite unless exact evidence is approved","","","","","2026-09-13","","","Automated candidate; wording population geography date and source support require human verification.","unknown","Editorial and subject-matter reviewer","2026-09-20","pending_exact_source_review","src/lib/insights.ts:104"
"claim-168265a28e","NVIDIA and Microsoft announced RTX Spark at the end of May 2026, with RTX Spark-powered Windows laptops and small desktop PCs expected from Microsoft Surface, ASUS, Dell, HP, Lenovo, MSI, and later Acer and GIGABYTE. The platform is designed for thin-and-light devices and compact developer systems, not only large workstation towers.","slug:nvidia-rtx-spark-local-ai-superchip-private-agents","en","comparative or superlative","unsupported — remove or rewrite unless exact evidence is approved","","","","","2026-09-13","","","Automated candidate; wording population geography date and source support require human verification.","unknown","Editorial and subject-matter reviewer","2026-09-20","pending_exact_source_review","src/lib/insights.ts:115"
"claim-c791bae5f1","A local-first agent architecture changes the risk profile. The model can run on-device. Embeddings can be created locally. A vector database can live on the machine or private network. The agent can inspect local files under explicit permissions. Conversations can remain offline by default, with cloud escalation treated as an intentional exception rather than the normal path.","slug:nvidia-rtx-spark-local-ai-superchip-private-agents","en","comparative or superlative","unsupported — remove or rewrite unless exact evidence is approved","","","","","2026-09-13","","","Automated candidate; wording population geography date and source support require human verification.","unknown","Editorial and subject-matter reviewer","2026-09-20","pending_exact_source_review","src/lib/insights.ts:154"
"claim-fe79eefaf4","Lower experimentation cost: developers can test model variants and agent workflows without paying for every token during early prototyping.","slug:nvidia-rtx-spark-local-ai-superchip-private-agents","en","comparative or superlative","unsupported — remove or rewrite unless exact evidence is approved","","","","","2026-09-13","","","Automated candidate; wording population geography date and source support require human verification.","unknown","Editorial and subject-matter reviewer","2026-09-20","pending_exact_source_review","src/lib/insights.ts:162"
"claim-e007b6250e","The privacy story still depends on implementation. A machine with RTX Spark can run local models, but an application may still send prompts, telemetry, files, or tool outputs to cloud services. Agent permissions can also become dangerous if they are too broad. Local AI reduces exposure only when the software stack is designed around local execution, transparent permissions, and controlled data flow.","slug:nvidia-rtx-spark-local-ai-superchip-private-agents","en","security privacy or compliance","unsupported — remove or rewrite unless exact evidence is approved","","","","","2026-09-13","","","Automated candidate; wording population geography date and source support require human verification.","unknown","Editorial and subject-matter reviewer","2026-09-20","pending_exact_source_review","src/lib/insights.ts:173"
"claim-8c792b6f47","This is why Microsoft and NVIDIA are emphasizing agent containment, identity, policy, and user control alongside hardware performance. The next competitive frontier is not only how fast an agent can think, but what it is allowed to touch, what it is allowed to send outside the device, and how clearly the user can see that boundary.","slug:nvidia-rtx-spark-local-ai-superchip-private-agents","en","comparative or superlative","unsupported — remove or rewrite unless exact evidence is approved","","","","","2026-09-13","","","Automated candidate; wording population geography date and source support require human verification.","unknown","Editorial and subject-matter reviewer","2026-09-20","pending_exact_source_review","src/lib/insights.ts:178"
"claim-b861b2eb5b","For Hive Vault Arc, RTX Spark is interesting because it supports the same direction we see in serious AI transformation work: local-first where privacy matters, cloud where scale or frontier capability is required, and a governance layer that decides which path is appropriate for each task.","slug:nvidia-rtx-spark-local-ai-superchip-private-agents","en","security privacy or compliance","unsupported — remove or rewrite unless exact evidence is approved","","","","","2026-09-13","","","Automated candidate; wording population geography date and source support require human verification.","unknown","Editorial and subject-matter reviewer","2026-09-20","pending_exact_source_review","src/lib/insights.ts:187"
"claim-a860947fff","The practical takeaway is clear: the local AI era is no longer only a hobbyist workstation story. It is moving into everyday PCs. The firms that prepare now - with local model strategy, data governance, agent permissions, and secure workflow design - will be better positioned when this hardware becomes available in the fall.","slug:nvidia-rtx-spark-local-ai-superchip-private-agents","en","security privacy or compliance","unsupported — remove or rewrite unless exact evidence is approved","","","","","2026-09-13","","","Automated candidate; wording population geography date and source support require human verification.","unknown","Editorial and subject-matter reviewer","2026-09-20","pending_exact_source_review","src/lib/insights.ts:197"
"claim-f5dc280e8a","The future roadmap logic that explains why some choices matter more than others.","https://hivevaultarc.com/insights/perspectives/consulting-engineering-one-loop","en","material factual claim","unsupported — remove or rewrite unless exact evidence is approved","","","","","2026-09-13","","","Automated candidate; wording population geography date and source support require human verification.","unknown","Editorial and subject-matter reviewer","2026-09-20","pending_exact_source_review","src/lib/perspectives.ts:122"
"claim-33a198e0ff","Engineering teams need to understand the operating logic, not only the feature list. Otherwise they may ship a system that meets the scope but misses the transformation.","https://hivevaultarc.com/insights/perspectives/consulting-engineering-one-loop","en","comparative or superlative","unsupported — remove or rewrite unless exact evidence is approved","","","","","2026-09-13","","","Automated candidate; wording population geography date and source support require human verification.","unknown","Editorial and subject-matter reviewer","2026-09-20","pending_exact_source_review","src/lib/perspectives.ts:148"
"claim-1b8f0cfd26","The best strategy work is informed by delivery knowledge. It understands which dependency will slow the project, which system cannot be replaced immediately, which workflow should be simplified before it is automated, and which capability should be built now because future phases will depend on it.","https://hivevaultarc.com/insights/perspectives/consulting-engineering-one-loop","en","comparative or superlative","unsupported — remove or rewrite unless exact evidence is approved","","","","","2026-09-13","","","Automated candidate; wording population geography date and source support require human verification.","unknown","Editorial and subject-matter reviewer","2026-09-20","pending_exact_source_review","src/lib/perspectives.ts:162"
"claim-495a9397c8","This is why Hive Vault Arc works as a technology transformation partner rather than an advice-only consultancy or build-only software team. The plan should be shaped by the people who understand what it will take to make the system real.","https://hivevaultarc.com/insights/perspectives/consulting-engineering-one-loop","en","comparative or superlative","unsupported — remove or rewrite unless exact evidence is approved","","","","","2026-09-13","","","Automated candidate; wording population geography date and source support require human verification.","unknown","Editorial and subject-matter reviewer","2026-09-20","pending_exact_source_review","src/lib/perspectives.ts:167"
"claim-4ca40bbdb5","Assess means diagnosis: business workflow, operating model, architecture, data, risk, constraints, and roadmap. The output is not only a recommendation. It is a shared understanding of what must change and why.","https://hivevaultarc.com/insights/perspectives/consulting-engineering-one-loop","en","comparative or superlative","unsupported — remove or rewrite unless exact evidence is approved","","","","","2026-09-13","","","Automated candidate; wording population geography date and source support require human verification.","unknown","Editorial and subject-matter reviewer","2026-09-20","pending_exact_source_review","src/lib/perspectives.ts:185"
"claim-8e6240d0d3","Does the partner understand the business workflow, not only the requested software?","https://hivevaultarc.com/insights/perspectives/consulting-engineering-one-loop","en","comparative or superlative","unsupported — remove or rewrite unless exact evidence is approved","","","","","2026-09-13","","","Automated candidate; wording population geography date and source support require human verification.","unknown","Editorial and subject-matter reviewer","2026-09-20","pending_exact_source_review","src/lib/perspectives.ts:212"
"claim-037bc5c1ad","Transformation does not fail only because of weak ideas or weak code. It fails when context breaks between teams. The work is strongest when diagnosis, architecture, delivery, and operations stay connected until the system is actually working in production.","https://hivevaultarc.com/insights/perspectives/consulting-engineering-one-loop","en","comparative or superlative","unsupported — remove or rewrite unless exact evidence is approved","","","","","2026-09-13","","","Automated candidate; wording population geography date and source support require human verification.","unknown","Editorial and subject-matter reviewer","2026-09-20","pending_exact_source_review","src/lib/perspectives.ts:237"
"claim-41f2cd2519","How does ARC reduce execution drift?","https://hivevaultarc.com/insights/perspectives/consulting-engineering-one-loop","en","material factual claim","unsupported — remove or rewrite unless exact evidence is approved","","","","","2026-09-13","","","Automated candidate; wording population geography date and source support require human verification.","unknown","Editorial and subject-matter reviewer","2026-09-20","pending_exact_source_review","src/lib/perspectives.ts:253"
"claim-309e83e7d0","AI creates value only when the workflow, data, ownership, and escalation path are clear. Otherwise, automation turns operational confusion into faster confusion.","https://hivevaultarc.com/insights/perspectives/fix-the-workflow-before-ai","en","comparative or superlative","unsupported — remove or rewrite unless exact evidence is approved","","","","","2026-09-13","","","Automated candidate; wording population geography date and source support require human verification.","unknown","Editorial and subject-matter reviewer","2026-09-20","pending_exact_source_review","src/lib/perspectives.ts:270"
"claim-97bed756b6","No. A business should not add AI before it understands the workflow it wants to improve. AI works best when the process, data, decision rights, escalation rules, and success metrics are clear. If those are missing, AI does not solve the problem; it reproduces confusion at higher speed. The better path is to assess the workflow first, redesign the weak points, then add AI where it can remove friction or increase capacity. This is the practical position of Hive Vault Arc: AI implementation starts with operational clarity, not tool selection.","https://hivevaultarc.com/insights/perspectives/fix-the-workflow-before-ai","en","comparative or superlative","unsupported — remove or rewrite unless exact evidence is approved","","","","","2026-09-13","","","Automated candidate; wording population geography date and source support require human verification.","unknown","Editorial and subject-matter reviewer","2026-09-20","pending_exact_source_review","src/lib/perspectives.ts:315"
"claim-1a04469433","Workflow: what happens from first contact to final outcome?","https://hivevaultarc.com/insights/perspectives/fix-the-workflow-before-ai","en","comparative or superlative","unsupported — remove or rewrite unless exact evidence is approved","","","","","2026-09-13","","","Automated candidate; wording population geography date and source support require human verification.","unknown","Editorial and subject-matter reviewer","2026-09-20","pending_exact_source_review","src/lib/perspectives.ts:354"
"claim-ab5fbb3c20","Once the workflow is clear, AI can create real value. The use case should be described as an operating outcome, not as a generic technology label. Not ""use AI for sales"", but ""reduce lead response time and route qualified leads into the CRM."" Not ""use AI for support"", but ""answer common questions, detect risk, and escalate edge cases to the right person.""","https://hivevaultarc.com/insights/perspectives/fix-the-workflow-before-ai","en","material factual claim","unsupported — remove or rewrite unless exact evidence is approved","","","","","2026-09-13","","","Automated candidate; wording population geography date and source support require human verification.","unknown","Editorial and subject-matter reviewer","2026-09-20","pending_exact_source_review","src/lib/perspectives.ts:374"
"claim-ea67d239a2","First response: acknowledge inbound requests quickly and consistently across business hours and after hours.","https://hivevaultarc.com/insights/perspectives/fix-the-workflow-before-ai","en","comparative or superlative","unsupported — remove or rewrite unless exact evidence is approved","","","","","2026-09-13","","","Automated candidate; wording population geography date and source support require human verification.","unknown","Editorial and subject-matter reviewer","2026-09-20","pending_exact_source_review","src/lib/perspectives.ts:380"
"claim-fcd3215718","FAQ handling: resolve repetitive questions without pulling staff away from higher-value work.","https://hivevaultarc.com/insights/perspectives/fix-the-workflow-before-ai","en","comparative or superlative","unsupported — remove or rewrite unless exact evidence is approved","","","","","2026-09-13","","","Automated candidate; wording population geography date and source support require human verification.","unknown","Editorial and subject-matter reviewer","2026-09-20","pending_exact_source_review","src/lib/perspectives.ts:381"
"claim-e9394a6b6a","The pattern is simple: define the operating friction, redesign the handoff, then add AI where it increases capacity or consistency. AI should improve the system, not hide the absence of one.","https://hivevaultarc.com/insights/perspectives/fix-the-workflow-before-ai","en","material factual claim","unsupported — remove or rewrite unless exact evidence is approved","","","","","2026-09-13","","","Automated candidate; wording population geography date and source support require human verification.","unknown","Editorial and subject-matter reviewer","2026-09-20","pending_exact_source_review","src/lib/perspectives.ts:392"
"claim-7ba6dd01c1","Map the current workflow, data sources, risks, bottlenecks, owners, and measurable goal. The first deliverable is clarity: what is broken, what should change, and what must not be automated without human judgment.","https://hivevaultarc.com/insights/perspectives/fix-the-workflow-before-ai","en","comparative or superlative","unsupported — remove or rewrite unless exact evidence is approved","","","","","2026-09-13","","","Automated candidate; wording population geography date and source support require human verification.","unknown","Editorial and subject-matter reviewer","2026-09-20","pending_exact_source_review","src/lib/perspectives.ts:410"
"claim-17d9887abc","Redesign the workflow and build only the AI, software, integration, or cloud layer that improves the operating model. In a Moroccan SME, that might mean WhatsApp-native intake connected to CRM fields, calendar routing, and clear human escalation rules.","https://hivevaultarc.com/insights/perspectives/fix-the-workflow-before-ai","en","comparative or superlative","unsupported — remove or rewrite unless exact evidence is approved","","","","","2026-09-13","","","Automated candidate; wording population geography date and source support require human verification.","unknown","Editorial and subject-matter reviewer","2026-09-20","pending_exact_source_review","src/lib/perspectives.ts:419"
"claim-e8126a5e31","The source of truth is known and trusted enough for the first pilot.","https://hivevaultarc.com/insights/perspectives/fix-the-workflow-before-ai","en","comparative or superlative","unsupported — remove or rewrite unless exact evidence is approved","","","","","2026-09-13","","","Automated candidate; wording population geography date and source support require human verification.","unknown","Editorial and subject-matter reviewer","2026-09-20","pending_exact_source_review","src/lib/perspectives.ts:439"
"claim-2390e2f672","The first use case is narrow enough for a 30 to 90 day pilot.","https://hivevaultarc.com/insights/perspectives/fix-the-workflow-before-ai","en","numerical or quantified","unsupported — remove or rewrite unless exact evidence is approved","","","","","2026-09-13","","","Automated candidate; wording population geography date and source support require human verification.","unknown","Editorial and subject-matter reviewer","2026-09-20","pending_exact_source_review","src/lib/perspectives.ts:442"
"claim-e436c44fae","This is especially important for AI automation for SMEs. Smaller teams often feel the pain of fragmented tools more sharply because the owner, manager, or best salesperson becomes the hidden operating system. AI can help, but only after that hidden process is made visible.","https://hivevaultarc.com/insights/perspectives/fix-the-workflow-before-ai","en","comparative or superlative","unsupported — remove or rewrite unless exact evidence is approved","","","","","2026-09-13","","","Automated candidate; wording population geography date and source support require human verification.","unknown","Editorial and subject-matter reviewer","2026-09-20","pending_exact_source_review","src/lib/perspectives.ts:448"
"claim-386f96950b","That is why the first step in an AI workflow automation strategy is not a model, a prompt, or a vendor. It is operational clarity.","https://hivevaultarc.com/insights/perspectives/fix-the-workflow-before-ai","en","comparative or superlative","unsupported — remove or rewrite unless exact evidence is approved","","","","","2026-09-13","","","Automated candidate; wording population geography date and source support require human verification.","unknown","Editorial and subject-matter reviewer","2026-09-20","pending_exact_source_review","src/lib/perspectives.ts:462"
"claim-b2755ee44e","No. A business should understand and redesign the workflow first. AI performs best when the process, data, ownership, escalation rules, and success metrics are already clear.","https://hivevaultarc.com/insights/perspectives/fix-the-workflow-before-ai","en","comparative or superlative","unsupported — remove or rewrite unless exact evidence is approved","","","","","2026-09-13","","","Automated candidate; wording population geography date and source support require human verification.","unknown","Editorial and subject-matter reviewer","2026-09-20","pending_exact_source_review","src/lib/perspectives.ts:470"
"claim-805418324b","What is the safest first AI use case for an SME?","https://hivevaultarc.com/insights/perspectives/fix-the-workflow-before-ai","en","comparative or superlative","unsupported — remove or rewrite unless exact evidence is approved","","","","","2026-09-13","","","Automated candidate; wording population geography date and source support require human verification.","unknown","Editorial and subject-matter reviewer","2026-09-20","pending_exact_source_review","src/lib/perspectives.ts:478"
"claim-9a8cc05bdd","The safest first use case is narrow, repetitive, measurable, and easy to escalate. Examples include first response, lead qualification, appointment routing, CRM updates, or FAQ handling.","https://hivevaultarc.com/insights/perspectives/fix-the-workflow-before-ai","en","comparative or superlative","unsupported — remove or rewrite unless exact evidence is approved","","","","","2026-09-13","","","Automated candidate; wording population geography date and source support require human verification.","unknown","Editorial and subject-matter reviewer","2026-09-20","pending_exact_source_review","src/lib/perspectives.ts:480"
"claim-5ffaea00c0","Hive Vault Arc is a technology transformation partner. We advise, build, and operate — combining strategy and business consulting, technology consulting, AI engineering, custom software development, cloud infrastructure, and managed operations in one firm. From the first whiteboard to production systems running in the market, we own the full delivery arc.","route_mapping_required","en","comparative or superlative","unsupported — remove or rewrite unless exact evidence is approved","","","","","2026-09-13","","","Automated candidate; wording population geography date and source support require human verification.","unknown","Editorial and subject-matter reviewer","2026-09-20","pending_exact_source_review","src/lib/positioning.ts:38"
"claim-59be1927f6","pure consulting only","route_mapping_required","en","comparative or superlative","unsupported — remove or rewrite unless exact evidence is approved","","","","","2026-09-13","","","Automated candidate; wording population geography date and source support require human verification.","unknown","Editorial and subject-matter reviewer","2026-09-20","pending_exact_source_review","src/lib/positioning.ts:216"
"claim-4ac258552f","Lower response latency","route_mapping_required","en","comparative or superlative","unsupported — remove or rewrite unless exact evidence is approved","","","","","2026-09-13","","","Automated candidate; wording population geography date and source support require human verification.","unknown","Editorial and subject-matter reviewer","2026-09-20","pending_exact_source_review","src/lib/product-systems.ts:26"
"claim-989a2abd84","Higher qualified meeting quality","route_mapping_required","en","comparative or superlative","unsupported — remove or rewrite unless exact evidence is approved","","","","","2026-09-13","","","Automated candidate; wording population geography date and source support require human verification.","unknown","Editorial and subject-matter reviewer","2026-09-20","pending_exact_source_review","src/lib/product-systems.ts:27"
"claim-917f905b99","Audit and compliance logs","route_mapping_required","en","security privacy or compliance","unsupported — remove or rewrite unless exact evidence is approved","","","","","2026-09-13","","","Automated candidate; wording population geography date and source support require human verification.","unknown","Editorial and subject-matter reviewer","2026-09-20","pending_exact_source_review","src/lib/product-systems.ts:38"
"claim-422531fe2e","Reduced manual processing","route_mapping_required","en","material factual claim","unsupported — remove or rewrite unless exact evidence is approved","","","","","2026-09-13","","","Automated candidate; wording population geography date and source support require human verification.","unknown","Editorial and subject-matter reviewer","2026-09-20","pending_exact_source_review","src/lib/product-systems.ts:43"
"claim-6f46e577c7","Lower deployment risk","route_mapping_required","en","comparative or superlative","unsupported — remove or rewrite unless exact evidence is approved","","","","","2026-09-13","","","Automated candidate; wording population geography date and source support require human verification.","unknown","Editorial and subject-matter reviewer","2026-09-20","pending_exact_source_review","src/lib/product-systems.ts:59"
"claim-8c9bfb8baf","Improved uptime posture","route_mapping_required","en","material factual claim","unsupported — remove or rewrite unless exact evidence is approved","","","","","2026-09-13","","","Automated candidate; wording population geography date and source support require human verification.","unknown","Editorial and subject-matter reviewer","2026-09-20","pending_exact_source_review","src/lib/product-systems.ts:59"
"claim-4df20660ad","Sustained throughput improvement within the first 90 days.","https://hivevaultarc.com/case-studies/top-tier-crm-transformation-program-real-estate-operations","en","numerical or quantified","unsupported — remove or rewrite unless exact evidence is approved","","","","","2026-09-13","","","Automated candidate; wording population geography date and source support require human verification.","unknown","Editorial and subject-matter reviewer","2026-09-20","pending_exact_source_review","src/lib/proof.ts:302"
"claim-9d327840ea","Lead response time improved after centralizing intake and follow-up workflows.","https://hivevaultarc.com/case-studies/top-tier-crm-transformation-program-real-estate-operations","en","material factual claim","unsupported — remove or rewrite unless exact evidence is approved","","","","","2026-09-13","","","Automated candidate; wording population geography date and source support require human verification.","unknown","Editorial and subject-matter reviewer","2026-09-20","pending_exact_source_review","src/lib/proof.ts:329"
"claim-819057b85b","Conversion improved after standardizing the pipeline and follow-up process.","https://hivevaultarc.com/case-studies/top-tier-crm-transformation-program-real-estate-operations","en","material factual claim","unsupported — remove or rewrite unless exact evidence is approved","","","","","2026-09-13","","","Automated candidate; wording population geography date and source support require human verification.","unknown","Editorial and subject-matter reviewer","2026-09-20","pending_exact_source_review","src/lib/proof.ts:338"
"claim-d818ab6784","Concept demonstration using synthetic data. Administrative workflow only.","https://hivevaultarc.com/case-studies/healthcare-ai-receptionist-crm","en","comparative or superlative","unsupported — remove or rewrite unless exact evidence is approved","","","","","2026-09-13","","","Automated candidate; wording population geography date and source support require human verification.","unknown","Editorial and subject-matter reviewer","2026-09-20","pending_exact_source_review","src/lib/proof.ts:400"
